Stock Name,Quarterly Results Date,QoQ % Net Profit Latest,QoQ % EPS Latest,YoY% EPS Latest,QoQ % Sales Latest,YoY % Sales Latest
DIGJAMLMTD,13/03/2025,113,113,190.5,-5.6,-8.4
AJAXENGG,09/03/2025,NA,NA,NA,NA,NA
GENCON,06/03/2025,-16.5,-17.9,-41.8,81.4,57.9
HEXT,06/03/2025,NA,NA,NA,NA,NA
ANSALAPI,28/02/2025,NA,NA,NA,NA,NA
FOSECOIND,28/02/2025,2,2.2,19.5,-3.1,11.5
IGIL,28/02/2025,3.6,-4.7,NA,6,6
RANASUG,28/02/2025,196.1,195.8,119,1.2,15.8
KSB,27/02/2025,18.4,18.3,-73.5,17.8,20.5
SANOFI,27/02/2025,11.1,11.1,-33.7,-1.7,-25.8
SCHAEFFLER,27/02/2025,0.9,0.8,14.1,0.5,12.2
VESUVIUS,26/02/2025,-12.5,-12.5,4.7,14.5,22
RAIN,25/02/2025,13.7,9.9,85.5,-6.6,-10.4
DIL,21/02/2025,-106.1,-104.8,-111.1,-95.7,-97
CIEINDIA,20/02/2025,-5.3,-5.2,8,-1.2,-5.8
SANOFICONR,20/02/2025,-1.6,-1.5,-34.7,6.7,-24
ABB,18/02/2025,20,20,55.1,15.5,22
VASWANI,15/02/2025,-25.3,-24.4,-23.4,0.2,-13.6
AAREYDRUGS,14/02/2025,-56.1,-56.9,-70.2,27.2,74.8
ABFRL,14/02/2025,80.3,72.4,36.8,18.1,3.3
ACCURACY,14/02/2025,98,50,150,0.4,35.6
ADFFOODS,14/02/2025,-4.7,-5,-6,-8.6,13.7
ADL,14/02/2025,-96.4,-95.8,-92.9,-15.1,0.2
AGARWALEYE,14/02/2025,-29.4,NA,NA,-47.5,NA
AGSTRA,14/02/2025,-1378,-1323.4,-1164.2,-40.4,-43.9
AHLADA,14/02/2025,-35.2,-32.5,-87.4,-0.4,-34.7
AIRAN,14/02/2025,231.8,215.4,-46.4,2,5.8
AKASH,14/02/2025,103.2,103.6,103.4,50.4,157.8
AKI,14/02/2025,28.8,60,-38.5,94.7,23.3
AKSHAR,14/02/2025,-47.5,-50,-127.3,11.8,-42.2
ALPSINDUS,14/02/2025,-2,-1.7,-8.8,-100,-100
AMBICAAGAR,14/02/2025,-60.4,-59.3,156.4,7.5,24.3
ANTGRAPHIC,14/02/2025,468.8,NA,-55.6,3952.3,5651.6
ARCHIES,14/02/2025,-95.4,-95,-96,-11.5,-15.7
ARENTERP,14/02/2025,-134.8,-138.2,-123.9,-100,-100
ARMANFIN,14/02/2025,-147.4,-147.5,-116.1,-9.2,-2.4
ARSSINFRA,14/02/2025,-114.9,-115.1,99.2,-42,-74.1
ASHAPURMIN,14/02/2025,152.1,137.4,77.2,43.3,21.3
ASTRON,14/02/2025,-183.7,-182.9,-1985.2,-96.2,-98.1
AVONMORE,14/02/2025,-92.2,-80,-99.5,-35.1,9.7
AVROIND,14/02/2025,19.5,18.3,-17.1,33.2,-17.7
AWHCL,14/02/2025,17.4,30,21.2,9.7,11.7
BAJAJCON,14/02/2025,-20.7,-21,-32.4,0.2,-2
BALAJEE,14/02/2025,-10.3,-13.8,NA,-8.3,NA
BANG,14/02/2025,666.7,1600,114.8,3.6,36.1
BASML,14/02/2025,-11.7,-21.1,168.2,-8.5,7.7
BBTCL,14/02/2025,-4907.1,-3081.8,-245.1,2.4,34.7
BCG,14/02/2025,NA,NA,NA,NA,NA
BEARDSELL,14/02/2025,-22,-22.5,-1.6,-5.2,6.7
BESTAGRO,14/02/2025,-125.5,-125.5,-278.5,-63.3,-12.9
BGLOBAL,14/02/2025,50,52.2,42.1,-100,-100
BHANDARI,14/02/2025,18.8,0,-55.6,-7.7,4.4
BIGBLOC,14/02/2025,26.1,0,-88.4,10,-7.7
BOHRAIND,14/02/2025,NA,NA,21.1,NA,-100
BORORENEW,14/02/2025,-129.7,-177,-81.4,-2.9,9.5
BTML,14/02/2025,-20.3,-21.4,120,20.2,29.9
BVCL,14/02/2025,372,354.2,-46,31.1,-7.5
CAMLINFINE,14/02/2025,93.6,96.3,64.5,2.5,12.3
CAPTRUST,14/02/2025,-77.8,-73.3,-90.5,-0.5,29.9
CAREERP,14/02/2025,2.3,2.7,-12.6,1.5,1
CENTUM,14/02/2025,-6792.9,-6133.3,-363.4,8.3,-5.7
COMSYN,14/02/2025,-9.7,-8.9,811.1,-3.3,17.8
CTE,14/02/2025,84.7,84.7,-147.3,19.8,-2.6
CUPID,14/02/2025,9.4,10.8,-4.7,7.3,26.4
DBEIL,14/02/2025,7.8,-16.9,NA,7.1,NA
DBL,14/02/2025,-40.7,-51,6.3,5.2,-10
DCMFINSERV,14/02/2025,-500,-450,-120,-100,-100
DEEDEV,14/02/2025,-159.8,-159.8,-207.2,-16.5,-22.7
DENTA,14/02/2025,-37.7,-38.2,NA,-47.6,NA
DIGIDRIVE,14/02/2025,313.8,342.9,342.9,29.2,8.2
DIGISPICE,14/02/2025,-167.4,-171,-2900,3.8,2.5
DISHTV,14/02/2025,-24.6,-31.6,-516.7,-5.7,-20.7
DIVGIITTS,14/02/2025,-33.5,-33.2,-45.9,-2.7,-16.8
DONEAR,14/02/2025,2.8,2.9,43.8,17.8,19.7
DPWIRES,14/02/2025,-18.2,-17.7,-23.3,6.5,-39.1
EASEMYTRIP,14/02/2025,20.5,12.5,-76.9,2.5,-18
EMAMIREAL,14/02/2025,-47.1,-46.4,-16.8,847.4,135.7
ETHOSLTD,14/02/2025,38.5,38.7,13.1,24.5,31.5
FACT,14/02/2025,-28.8,-33.3,-77.8,-34.5,-13.5
FCONSUMER,14/02/2025,-788.8,-800,-800,8.5,16.6
FILATFASH,14/02/2025,44.2,-100,-100,50.2,19.1
FLEXITUFF,14/02/2025,-31.3,-31.9,76.3,-26,-57.2
GANGAFORGE,14/02/2025,-10,-33.3,-80,1.3,34.9
GENESYS,14/02/2025,60.7,58.5,6.1,6.9,29.7
GLAXO,14/02/2025,-9,-9,389.9,-6.1,17.9
GLENMARK,14/02/2025,-1.8,-1.8,199.6,-1.3,35.1
GLOBALVECT,14/02/2025,27.5,27.5,-186.6,14.7,10
GNFC,14/02/2025,54.9,54.7,63.9,-0.9,-9.1
GOENKA,14/02/2025,-23.2,-100,-140,-12.5,-12.5
GSLSU,14/02/2025,-68.9,-63.3,-391.7,-2,14.8
GUFICBIO,14/02/2025,-11.4,-11.5,-16.1,1.8,2.9
GUJRAFFIA,14/02/2025,-11.1,7.1,-60.5,10.5,-15.4
GVKPIL,14/02/2025,-102.8,-102,69,-63.4,6.3
HARDWYN,14/02/2025,1.5,-11.1,-63.6,-13.6,-1.8
HCG,14/02/2025,-62.6,-61.2,6.4,0.9,18.9
HDIL,14/02/2025,377.3,450,366.7,3175,3251.2
HERANBA,14/02/2025,-127.5,-126.8,-172.2,-22,13.9
HGS,14/02/2025,83,94.1,-125.4,-2.1,-11.6
HILTON,14/02/2025,-32.8,-26.9,-82.2,-8,-3.6
HINDWAREAP,14/02/2025,-14.3,-14.6,-394.4,-5.7,-14.3
HMT,14/02/2025,-89.6,-92,-73.5,-29.9,-9.8
HUBTOWN,14/02/2025,5.3,23.8,373.5,-6.6,196.5
INCREDIBLE,14/02/2025,47.8,47.7,116.7,-10.7,2
INGERRAND,14/02/2025,28.6,28.6,40.3,19.6,17
IZMO,14/02/2025,-79.7,-80.7,-21.5,0.1,16.7
JAICORPLTD,14/02/2025,-27.9,-28.1,-10.4,-6.9,17.8
JAMNAAUTO,14/02/2025,10.1,10,-24.1,9.7,-6.9
JINDALPOLY,14/02/2025,-96.5,-96.5,121.5,4.6,39.4
JNKINDIA,14/02/2025,-63.5,-63.6,NA,-10,-22
JPASSOCIAT,14/02/2025,-157.8,-161.3,-61.1,8.5,-0.8
JUBLCPL,14/02/2025,NA,NA,NA,NA,NA
KDDL,14/02/2025,32.4,32.1,25.2,19.1,26.8
KEYFINSERV,14/02/2025,-35.7,-35.4,-42.8,-41.3,-52.6
KITEX,14/02/2025,10.2,-63.3,-11.2,28,68.3
KOHINOOR,14/02/2025,-13733.3,-22300,-5500,-16.7,-16.4
KOTHARIPRO,14/02/2025,108.8,104.4,-42.5,-16.7,-2
KSHITIJPOL,14/02/2025,83.3,84.8,-110.2,-18.9,-24.9
LAOPALA,14/02/2025,-3.7,-3.7,-48.3,0.8,-14.8
LCCINFOTEC,14/02/2025,56.7,50,-150,-75,-99.2
LEXUS,14/02/2025,104.3,104.3,102.2,10,-28.2
LIBAS,14/02/2025,-183.8,-185.1,-190.5,5.7,18.1
LOKESHMACH,14/02/2025,-217.5,-214.8,-174.3,-31.3,-40.2
LOVABLE,14/02/2025,-90.6,-88.4,-336.6,-18.6,-28
MAHESHWARI,14/02/2025,-33.8,-33.8,0,2.3,-15.2
MBLINFRA,14/02/2025,-228.7,-228,-220,-7.6,-7.1
MCL,14/02/2025,-8.1,-2.9,230.8,27.6,142.7
MCLOUD,14/02/2025,21.7,19,28.2,-3.6,15.6
MEGASOFT,14/02/2025,141.2,141.1,233.9,-100,-100
MIRCELECTR,14/02/2025,-481.9,-428.6,-243.8,10.2,-43.4
MODIRUBBER,14/02/2025,-2.2,-2.4,6.9,57.8,42
MODTHREAD,14/02/2025,-142.9,NA,NA,16.1,-3.6
MOKSH,14/02/2025,0.8,7.1,-14.3,-26,38
MOTHERSON,14/02/2025,3.7,0,45.3,-0.5,7.9
MTNL,14/02/2025,6.1,6,-0.2,-2.4,-11.6
MUKKA,14/02/2025,1698.7,1000,57.1,103.1,-41.4
MUNJALAU,14/02/2025,-109.8,-111.8,81,-0.1,23.6
NAGAFERT,14/02/2025,82.4,83.3,98.4,-17867.4,-114
NAHARINDUS,14/02/2025,215,215.5,-7.4,20.7,18.1
NDGL,14/02/2025,-4.4,-4.2,30.3,-48.5,-84
NH,14/02/2025,-2.9,-2.9,1.7,-2.4,13.5
NORTHARC,14/02/2025,-34.8,-32.5,NA,0.5,NA
NTL,14/02/2025,NA,NA,NA,NA,NA
OBCL,14/02/2025,-33.9,-32.1,-54.8,15.9,NA
OSIAHYPER,14/02/2025,172.2,161.5,33.3,14.5,14.6
OSWALSEEDS,14/02/2025,1391.7,1375,318.5,11.4,-1.8
PANACEABIO,14/02/2025,-6.3,-3.9,338.7,10.9,8.6
PANSARI,14/02/2025,-39.6,-36.5,-74,-31.3,-86.1
PAR,14/02/2025,-93.3,-93.3,-83.5,-38.4,-11.2
PARSVNATH,14/02/2025,75.4,75.4,-140,23.7,-72
PAVNAIND,14/02/2025,-71.2,-71.1,-46.3,-4.5,-4.9
PEARLPOLY,14/02/2025,-988,-1042.9,-407,10.9,41.9
PENIND,14/02/2025,13.3,13.6,14.7,12.3,12.7
PIXTRANS,14/02/2025,-45.1,-45.1,0.4,-12.3,9
PKTEA,14/02/2025,-177.9,-178.2,-501.7,-24.9,-30.3
PLAZACABLE,14/02/2025,5,0,-68.8,3.7,-1.1
POLYPLEX,14/02/2025,-36,-34.2,1094.8,-1,15.1
PRITI,14/02/2025,45,47.3,-54.6,12.3,-2.5
PTCIL,14/02/2025,-17.8,-17.9,58.1,-7.5,20.6
PURVA,14/02/2025,-443.3,-457.1,-215.7,-35.8,-44.5
PVP,14/02/2025,75,80,-100.8,-23,-43.2
RADAAN,14/02/2025,-89.3,-83.3,107.1,-32,-43
RAJSREESUG,14/02/2025,-289.6,-289.8,25.8,-44.4,-40.7
RAMASTEEL,14/02/2025,28.5,33.3,-71.4,4.6,4.8
RATEGAIN,14/02/2025,8.3,8.1,35.7,0.5,10.6
REGENCERAM,14/02/2025,-51.4,-49.5,-57.6,216.8,594.7
RELIABLE,14/02/2025,194.3,219.2,398.8,40.7,62
RELINFRA,14/02/2025,-176,-180.8,-689.9,-30.7,8.5
REPL,14/02/2025,31.4,27,12.7,57.5,29.8
ROLEXRINGS,14/02/2025,-59,-59.1,-45.8,-13.5,-4.9
RPPINFRA,14/02/2025,-0.5,-0.5,-12,-9.9,9
RPSGVENT,14/02/2025,37.3,22.9,12,10.1,29.2
RVNL,14/02/2025,-2.5,-2.8,-20.8,-5.7,-1.8
RVTH,14/02/2025,-92.7,-92.6,NA,114.2,NA
SABTNL,14/02/2025,-32614.3,-22350,-536.9,80.2,490
SADBHAV,14/02/2025,-135.1,-196.9,81.7,16.6,-20.2
SAKUMA,14/02/2025,163.3,100,-92.9,40.8,-38.7
SALASAR,14/02/2025,23,16.7,-65,33.3,23.4
SANDUMA,14/02/2025,294.4,294.9,1050,85.1,214.6
SANWARIA,14/02/2025,47.1,0,NA,-55.2,NA
SASTASUNDR,14/02/2025,75.6,75.4,-4605.6,2.8,-24.9
SECMARK,14/02/2025,-104.2,-104.8,-104.2,-9.3,22
SECURKLOUD,14/02/2025,17.3,-2300,-81.1,-6.2,-53.5
SIGIND,14/02/2025,39.1,41.3,-19.4,18,-2.4
SIGNPOST,14/02/2025,-63.9,-63.8,-41.9,-13.5,7.1
SIMPLEXINF,14/02/2025,-3.6,-4.3,85.7,-14.3,-27.4
SINDHUTRAD,14/02/2025,-106.4,-106.6,-107.2,38.2,22.7
SOMICONVEY,14/02/2025,-38.1,-37,70.3,-19,46.9
SPCENET,14/02/2025,-64.2,-71.4,-81.8,-13.9,31.2
SPLIL,14/02/2025,-92.5,-92.7,-86.5,-32.4,-14.6
SRD,14/02/2025,12.6,12.5,4.7,7.9,18.5
SRHHYPOLTD,14/02/2025,-9.4,-9.4,40.6,-18.7,-35.5
SUDARSCHEM,14/02/2025,-98.3,-98.4,-96.8,-4.3,17.8
SUNDARAM,14/02/2025,-50.3,-50,-700,-11.1,-3
SUPERHOUSE,14/02/2025,-68.7,-69.6,-73.8,-10,13.2
SUPREMEENG,14/02/2025,NA,NA,NA,NA,NA
SURYALAXMI,14/02/2025,291.7,275,-5.8,0.2,4.9
SUVIDHAA,14/02/2025,2.7,0,21.1,-56.5,-40.7
SVPGLOB,14/02/2025,6.4,6.4,-39.9,-17,-80.9
SWANENERGY,14/02/2025,736.5,1033.5,320.6,84.9,19.9
TARAPUR,14/02/2025,465.2,464.7,6300,-100,-100
TARMAT,14/02/2025,-22.7,-22.2,16.7,67.6,14.6
TARSONS,14/02/2025,-59.5,-59.3,-50.3,19.4,NA
THEMISMED,14/02/2025,-96.4,-96.2,-92.9,-19.9,13.6
UCAL,14/02/2025,1115.4,1143.5,966.7,-4.6,8.5
UFLEX,14/02/2025,311.9,311.7,304.6,-2.6,12.8
UMAEXPORTS,14/02/2025,985,814.3,28,31.6,14.5
UNIINFO,14/02/2025,-17.6,0,-176,-9.7,-42
UNIMECH,14/02/2025,-59.8,-62.3,NA,-55.3,NA
UTKARSHBNK,14/02/2025,-426.9,-418.8,-233,-5.5,15.7
UTTAMSUGAR,14/02/2025,330.6,324.2,-25.7,0.8,-22
UYFINCORP,14/02/2025,-40.3,-42.1,-64.5,-67.2,-54.8
VARDMNPOLY,14/02/2025,3438.2,2650,-72.9,17,23.8
VIKASECO,14/02/2025,-122.4,-100,-100,25.8,23.7
VIKASLIFE,14/02/2025,-411.8,-300,-166.7,-12.7,18.6
VINNY,14/02/2025,1784.2,700,-42.9,-14.5,4.4
VISAKAIND,14/02/2025,35.7,35.7,-65.3,14.2,2.1
VLEGOV,14/02/2025,10.6,0,325,89.7,21628.6
WILLAMAGOR,14/02/2025,30.7,31.6,138.6,-64.5,-19.7
XTGLOBAL,14/02/2025,35.3,40,-33.3,0.6,-11.8
ZENTEC,14/02/2025,-32.8,-36.6,14.9,-37.1,52.9
ABINFRA,13/02/2025,27.6,19.3,NA,22.2,NA
ACEINTEG,13/02/2025,-2200,-2000,-250,-55.2,-41.9
AFCONS,13/02/2025,9.9,2,NA,8.5,NA
AGARIND,13/02/2025,49.8,50.2,-0.3,66.4,11
AJOONI,13/02/2025,14.1,0,-60,32.3,69.1
AKSHOPTFBR,13/02/2025,47.5,47.3,-45,10.9,-44
ALLCARGO,13/02/2025,-72.7,-71.4,-47.4,-4.5,27.8
ALPA,13/02/2025,15.1,15.6,91.4,4.7,-4.6
AMDIND,13/02/2025,-53.6,-51.7,-60,-16.7,8.8
AMNPLST,13/02/2025,-0.7,-1.1,-4.3,14.5,8.8
ANURAS,13/02/2025,76.9,68.4,46.3,32.7,32
APCL,13/02/2025,27.1,27.2,-264.6,50.2,-37
ARIES,13/02/2025,-38.9,-38.7,45.7,-12,15.7
ASHOKAMET,13/02/2025,-49,-48.6,200,-52,0.9
ASIANHOTNR,13/02/2025,273.8,273.8,411.8,10.7,12.5
ASMS,13/02/2025,-213.8,-150,-116.7,-1.9,-27.4
ATALREAL,13/02/2025,-44.3,-43.8,-35.7,-29.3,211
AUSOMENT,13/02/2025,-91.8,-91.5,-84,5.3,-99.9
BALPHARMA,13/02/2025,-51.4,-53.8,-50.8,-0.8,-10.5
BANKA,13/02/2025,76,76.1,-290.1,13,0.1
BCLIND,13/02/2025,-30,-31.6,-46.7,2,18.2
BFINVEST,13/02/2025,-80.6,-80.6,-88,-50.3,1.3
BFUTILITIE,13/02/2025,NA,NA,NA,NA,NA
BHAGCHEM,13/02/2025,-34.2,-35.6,-32.6,-1,38
BHARATRAS,13/02/2025,0.8,1,134.1,-21.8,10
BKMINDST,13/02/2025,NA,NA,NA,NA,NA
BROOKS,13/02/2025,-16,-15.2,-23.4,84.6,76.4
BSL,13/02/2025,19.1,20.8,-23.9,-4.7,-0.8
CAPACITE,13/02/2025,16.3,16.5,55.7,14,22.8
CARBORUNIV,13/02/2025,-67.6,-70,-69.2,2.6,9
CCHHL,13/02/2025,65.6,63.2,41.7,19.9,-11.8
CEREBRAINT,13/02/2025,59.7,60,71.4,-12,-11
CEWATER,13/02/2025,NA,NA,NA,NA,NA
CHEVIOT,13/02/2025,-81.4,-81.4,-80.9,5,9.7
CINEVISTA,13/02/2025,-18.4,-18.2,-85.7,-50,-66.7
COFFEEDAY,13/02/2025,-167.1,-206.2,-114.7,4.1,9.1
CONCORDBIO,13/02/2025,-24.9,-24.9,-2.1,-21.3,1.4
CORALFINAC,13/02/2025,-59,-58.9,-34.1,-43.9,3.4
CREATIVEYE,13/02/2025,-256.9,-266.7,-73.9,-100,-100
CUBEXTUB,13/02/2025,62.1,63.7,86.2,31.7,27.2
DCI,13/02/2025,8.9,9.5,56.5,3,31.5
DCM,13/02/2025,2716.4,2717.9,27375,4.2,-7.5
DCW,13/02/2025,1209.1,1225,240.6,-3,19.2
DEEPAKNTR,13/02/2025,-49.5,-49.5,-51.8,-6.3,-5.3
DJML,13/02/2025,40.3,43.6,-61.6,7.6,80.1
DNAMEDIA,13/02/2025,-45.5,-43.6,-59.3,-40.6,-37.4
ELGIRUBCO,13/02/2025,14.8,15.7,-141.4,-7.3,-3.5
EMAMIPAP,13/02/2025,-77.7,-77.6,-95.7,-8.2,-11.8
FCSSOFT,13/02/2025,11.5,-50,-50,-0.8,1.1
GANGESSECU,13/02/2025,-85.8,-85.8,-25.9,-13.8,0.3
GOCLCORP,13/02/2025,1589.2,1579.3,484.3,8.2,-17.3
GODFRYPHLP,13/02/2025,27.2,27.2,48.5,37,51.7
GOKUL,13/02/2025,-88.8,-88.7,-76,17.6,24.7
GOLDTECH,13/02/2025,-104.3,-104.2,42.9,9.4,-16.1
GOYALALUM,13/02/2025,69.8,20,-40,-8.6,33.1
GPPL,13/02/2025,2.7,2.1,-18.5,15.8,-2.5
GRINDWELL,13/02/2025,-9.4,-9.9,-6.8,1.3,6.5
GRMOVER,13/02/2025,66.7,65.8,-13.5,63.1,-31.6
GROBTEA,13/02/2025,-97.2,-97.2,-74,-47.8,-21.1
GSS,13/02/2025,-833.3,-950,-440,-37.9,-50.5
GUJAPOLLO,13/02/2025,-51.8,-51.6,-48.4,-36.7,-54.8
HARRMALAYA,13/02/2025,170.5,171.3,64,3.6,9.7
HARSHA,13/02/2025,-5.5,-5.6,0.9,-1.5,3.5
HAVISHA,13/02/2025,-800,NA,-175,-9.8,0.8
HCC,13/02/2025,-160.9,-155.3,-118.1,-28.4,-31.7
HINDALCO,13/02/2025,-4.5,-4.5,59,0.3,10.6
HITECHGEAR,13/02/2025,-28.1,-28,-54.2,-16.8,-24.9
HPIL,13/02/2025,-56.5,-55.2,-63.4,0.8,34
IGPL,13/02/2025,-2.2,-2,284.6,-4.3,14.3
INDNIPPON,13/02/2025,-24.7,-24.6,30.3,2.3,20
INDOFARM,13/02/2025,NA,NA,NA,NA,NA
INDSWFTLAB,13/02/2025,-97.8,-100,-100,-27.7,-97
INTENTECH,13/02/2025,-32.4,-32.5,-31.8,-11.8,22.2
INTLCONV,13/02/2025,-25.4,-25.5,0.6,-15.3,15.3
IPCALAB,13/02/2025,12.4,7.9,36.6,-4.7,9.4
ISFT,13/02/2025,-31.5,-31.1,6.4,2.2,4.3
ITDC,13/02/2025,-12.9,-13.3,11,-2.8,10.7
ITI,13/02/2025,4.2,4.1,27.8,1.8,299.5
IVC,13/02/2025,NA,NA,NA,NA,NA
JAYSREETEA,13/02/2025,141.5,141.5,18100,-22.1,13.8
JETFREIGHT,13/02/2025,143.8,161.5,-64.9,7.5,3.8
JMA,13/02/2025,72.4,70.3,31.4,42.7,3.7
KAMOPAINTS,13/02/2025,61.8,50,-91.5,34.9,-6.5
KANORICHEM,13/02/2025,-73.9,-20.5,-112.2,-7,1.6
KARMAENG,13/02/2025,-180,-180.7,-51.2,-78.9,-40.9
KAUSHALYA,13/02/2025,-87.3,-87.2,174.7,-20,-60
KELLTONTEC,13/02/2025,6.2,6.4,131.2,3,13.6
KERNEX,13/02/2025,4.4,4.4,311.9,-10.7,339.3
KIOCL,13/02/2025,30.9,30.1,-209.7,1015.9,-67.1
KIRIINDUS,13/02/2025,120.2,105.2,30.1,-34.4,-19.1
KNRCON,13/02/2025,-57.2,-43.7,76.1,-56.4,-14.9
KPIL,13/02/2025,11.1,7.5,-5.1,16.3,17.1
KRIDHANINF,13/02/2025,-100.2,-100.3,97.4,-100,-100
LAL,13/02/2025,-113.3,-112.9,-137.5,62.7,66.8
LASA,13/02/2025,271.6,274.6,650,-16.1,23.7
LAXMIDENTL,13/02/2025,-79,-88.6,NA,-47.3,NA
LINCOLN,13/02/2025,-21.2,-21.2,-26.4,-9.1,0
LLOYDSENGG,13/02/2025,20.3,16,-3.3,8.3,14
LLOYDSENT,13/02/2025,2.3,-16.7,-71.7,-24.7,-10.4
LUMAXTECH,13/02/2025,8.1,4.4,21.4,7.5,23.6
LUXIND,13/02/2025,-39,-37.4,57.2,-18.4,22.4
LYPSAGEMS,13/02/2025,-83.3,NA,-100,113.3,1062.7
MACPOWER,13/02/2025,-46.3,-46.2,-37.2,-15.5,-9.2
MAGNUM,13/02/2025,-5.1,-4.5,142.3,23.4,6.7
MAHASTEEL,13/02/2025,347.8,350,-52.6,29.1,10.8
MANAPPURAM,13/02/2025,-51.3,-50.7,-51.4,-2.8,10.8
MANGALAM,13/02/2025,-48.5,-48.5,120,10.9,-8.9
MCLEODRUSS,13/02/2025,-203.2,-203.2,-8,-18.1,6.3
MITCON,13/02/2025,-75,-63.5,-77.4,-20,-7.9
MKPL,13/02/2025,-22.5,-20,-71.4,17,-42.7
MMP,13/02/2025,85.5,85.7,18.6,16.2,19.5
MMTC,13/02/2025,-92.4,-93.9,-95.5,-84.3,-68.4
MODISONLTD,13/02/2025,-29.2,-29,35.6,-1.1,12.4
MOTOGENFIN,13/02/2025,-48.5,-50,-42.9,-1.7,7.4
MSPL,13/02/2025,186.4,185,-19,9.2,-8.2
MTEDUCARE,13/02/2025,41.4,40.8,22.1,4.4,10.1
NAGREEKEXP,13/02/2025,-24.3,-22.2,300,-23.4,-31.1
NARMADA,13/02/2025,-25.4,-23.5,62.5,34.1,12.3
NAZARA,13/02/2025,-15.9,25.1,0.3,67.6,66.8
NORBTEAEXP,13/02/2025,-115.2,-115.7,89.1,-38.6,36.5
ORICONENT,13/02/2025,-97.5,-97.6,66.7,21.2,-21.1
ORIENTLTD,13/02/2025,-7.1,-1.4,-53.1,-7.3,-21.5
PALASHSECU,13/02/2025,9.8,22,42.9,-17.7,44
PALREDTEC,13/02/2025,-76.4,-92.8,26.1,-28.8,7
PFC,13/02/2025,7.5,9.8,22.5,4.2,13.7
PIGL,13/02/2025,-26.9,-26,152.1,-39.3,123.7
PITTIENG,13/02/2025,-28.7,-32.9,53.2,-4.1,23.8
PLATIND,13/02/2025,-20.9,-18.8,-17.8,-6.2,52.4
QUADFUTURE,13/02/2025,29.6,30,NA,-58.4,NA
RADIANTCMS,13/02/2025,-0.3,-0.9,-3.4,3.1,5.1
RAJTV,13/02/2025,200,150,600,18.7,7.9
RAMAPHO,13/02/2025,16.9,-41.1,106.2,-14.3,54.5
RGL,13/02/2025,116,95.7,-24.1,72.5,8.3
ROLLT,13/02/2025,60,0,-200,-100,-100
RSYSTEMS,13/02/2025,-2.1,-2.1,-16.7,1.1,7.8
RUBYMILLS,13/02/2025,419.4,423.8,28.7,25,13.2
RUCHIRA,13/02/2025,-6.9,-6.9,120.8,1.5,5.8
SAKHTISUG,13/02/2025,20.4,20.2,44.9,90.4,-9.6
SANDESH,13/02/2025,-154.8,-154.9,-136.2,12.6,-13.1
SANGHVIMOV,13/02/2025,-37.4,-37.4,-85.1,-7.5,-28.8
SAURASHCEM,13/02/2025,86.1,86.2,-132.8,27.4,-15.5
SENCO,13/02/2025,97.3,-6.5,-85.9,38.7,22.5
SEPC,13/02/2025,92.2,50,-75,-22.2,-5.5
SIGMA,13/02/2025,1.7,3,-9.1,14.7,20
SIMBHALS,13/02/2025,72.4,72.6,-194.1,36.9,-27.6
SJVN,13/02/2025,-66.2,-66.4,-13.6,-34.6,23.5
SOTL,13/02/2025,-52.5,-52.4,-78,4.2,-1.4
SPMLINFRA,13/02/2025,-24,-36.4,366.7,-1.2,-26.2
SSDL,13/02/2025,-17.9,-17.8,NA,10.5,NA
SUMEETINDS,13/02/2025,NA,NA,NA,NA,NA
SUNFLAG,13/02/2025,22.9,23,35.6,3,4.5
TCPLPACK,13/02/2025,6.6,6.7,83.3,4.3,29.1
TEXMOPIPES,13/02/2025,198.7,95.5,83,71.5,-10.3
THEINVEST,13/02/2025,-71.9,-80.3,-36.9,-30.8,15.1
TITAGARH,13/02/2025,-22.2,-22.3,-16.9,-14.6,-5.5
TNPL,13/02/2025,-1737,-1731.6,-356.2,23.1,-9.3
TNTELE,13/02/2025,-5.5,-5.6,-25,-100,-100
TOTAL,13/02/2025,NA,NA,222.8,NA,52.6
TRU,13/02/2025,-1.6,0,-66.7,-10.5,29.9
TVSELECT,13/02/2025,49.6,50.7,59.3,-4.4,14.9
UBL,13/02/2025,-70.9,-71.1,-56.2,-5.5,9.6
UNIENTER,13/02/2025,-147.9,-147.4,-437.5,-83.3,7185.7
UNITECH,13/02/2025,6.5,8.3,10.9,1.2,21.1
VALIANTORG,13/02/2025,143.8,142.9,171.2,16.6,32.1
VENUSPIPES,13/02/2025,-24.2,-24.1,-23.6,1,11.6
VERANDA,13/02/2025,-569.1,-543.4,-1021.9,-28.5,7.9
VETO,13/02/2025,-39.5,-36.8,-23.7,1.9,-7.8
WEIZMANIND,13/02/2025,-12.3,-12.6,-22.4,-9.2,0.4
WEWIN,13/02/2025,-231.8,-261.1,-135.4,-5.7,14.8
WIPL,13/02/2025,-12.9,-11.9,-55.7,-0.7,-3.1
WSTCSTPAPR,13/02/2025,-33,-28,-52.9,-2.8,-2.8
XELPMOC,13/02/2025,-91.7,-77.2,-359.3,-49.7,-30.8
YUKEN,13/02/2025,-36.1,-36,-20.8,-7.7,-0.6
ZENITHSTL,13/02/2025,52.4,66.7,-150,18.6,-22.2
ZOTA,13/02/2025,-56,-54.6,-531.5,7.2,53.4
ZUARIIND,13/02/2025,-71.5,-72,-103.4,-0.9,102.9
63MOONS,12/02/2025,3.4,11.7,-117.9,-69.4,-92.7
A2ZINFRA,12/02/2025,-167.2,-109.7,NA,7.8,-10.5
AARTECH,12/02/2025,9.8,9.6,-9.5,1.1,29.2
AEGISLOG,12/02/2025,4.9,-1.4,-6.6,-2.5,-8.9
AHLEAST,12/02/2025,58.9,58.5,158.3,41.1,0.8
AIROLAM,12/02/2025,139.2,139,-49.3,5.4,-4.2
ALBERTDAVD,12/02/2025,-151.8,-152,-150,-15.6,-5.9
ALMONDZ,12/02/2025,-9.7,-12.5,-98.1,-2.4,10
AMRUTANJAN,12/02/2025,62.7,63.2,9.2,11.6,4.8
ANMOL,12/02/2025,-64.2,-63.2,-91.7,36.3,-37.3
ARTNIRMAN,12/02/2025,-50.9,-50,22.2,-46.9,17.8
ARVEE,12/02/2025,-85.1,-84.3,-54.8,-29.1,14.7
ASHOKLEY,12/02/2025,6.9,7.5,30.2,7.6,8.1
ASIANENE,12/02/2025,-11.6,-11.5,-45.2,-6.2,-3.4
ATLANTAA,12/02/2025,653.6,638.1,197.4,-87.9,-88.9
AVG,12/02/2025,2,-3.9,-11.7,2.8,14
AVTNPL,12/02/2025,241.8,238.1,-7.2,41.9,12.1
BAGFILMS,12/02/2025,125.4,66.7,-28.6,-9.8,33.9
BAJAJHIND,12/02/2025,-35.2,-35.6,-463.6,27.3,-15.2
BALAMINES,12/02/2025,-24.9,-19.1,-33.1,-9.9,-18.4
BBTC,12/02/2025,21.6,34.1,-25.9,-1.6,8
BEDMUTHA,12/02/2025,-80.2,-80.3,-68.8,8.8,42.7
BGRENERGY,12/02/2025,-74.4,-74.6,51.3,-20,-71.9
BHARATFORG,12/02/2025,-12.6,-15.1,-22.7,-5.8,-10.1
BIL,12/02/2025,-119.7,-119.7,51.6,-11.1,32.5
BLUECHIP,12/02/2025,-175,NA,-114.3,-100,-100
BPL,12/02/2025,-92.5,-92.9,-84.6,-7.8,33.2
CARYSIL,12/02/2025,-26.9,-25.7,-23.9,-1.9,8
CELEBRITY,12/02/2025,18.8,17.8,-475,-3.1,-47
CHEMCON,12/02/2025,38.5,38.5,89.8,3.3,2.5
COASTCORP,12/02/2025,254.5,-23.7,-87.3,18.6,71.4
CREST,12/02/2025,-19,-18.8,16.4,24.1,-14.9
CROMPTON,12/02/2025,-12.6,-11.9,23,-6.7,4.5
DANGEE,12/02/2025,168.2,200,-83.3,10,8.6
DBREALTY,12/02/2025,107.1,103.8,-99.1,316.6,130.6
DCAL,12/02/2025,-86,-85.8,108,-13.5,4.8
DCMSRIND,12/02/2025,2.4,2.3,-21.1,-7.5,5.3
DHUNINV,12/02/2025,8,-7.8,924.9,-13.4,89.5
DMCC,12/02/2025,35.6,35.6,1336.4,14.9,46.5
DOLLAR,12/02/2025,-26.5,-26.4,7.2,-15.3,14.6
DTIL,12/02/2025,-103.7,-103.7,97.8,-26.9,6.1
ECOSMOBLTY,12/02/2025,-19,-19,NA,5.4,NA
EKC,12/02/2025,-53.5,-53.2,-51.5,-0.1,11.4
ELDEHSG,12/02/2025,27.7,27.9,-29.5,3.7,59.9
EMMBI,12/02/2025,-0.6,-4,-32.1,0.3,13.8
ENDURANCE,12/02/2025,-9.2,-9.2,20.3,-1.8,11.6
ENTERO,12/02/2025,13,7.7,35.4,4.5,36.9
FAIRCHEMOR,12/02/2025,-13.1,-12.6,-71.7,-18.1,-23.4
FCL,12/02/2025,-13.2,-13.3,-20.5,-13.6,-9.1
FDC,12/02/2025,-48.6,-48.5,-53.9,-9.7,1.3
FIEMIND,12/02/2025,-6.4,-6.3,15.4,-3.2,21.7
FINCABLES,12/02/2025,-15.2,-15.2,-3.8,-9.9,-3.2
FMGOETZE,12/02/2025,-24.9,-24.3,16.1,-6.6,4.4
FUSION,12/02/2025,-135.8,-135.8,-664.2,-31.5,-20.1
GALAPREC,12/02/2025,1.3,1.7,NA,13.4,NA
GANESHBE,12/02/2025,9.6,9.3,-5.9,1.2,-6.9
GAYAHWS,12/02/2025,-117.2,-118.1,-32.3,220.6,707.4
GENUSPAPER,12/02/2025,235,200,-71.4,0.9,49.3
GEPIL,12/02/2025,-127.8,-127.7,-2223.1,45.7,-30.5
GFLLIMITED,12/02/2025,113,113.1,100,-4.7,1.2
GFSTEELS,12/02/2025,-7.1,-25,NA,-100,-100
GKWLIMITED,12/02/2025,-564.6,-566.6,-584.5,-90.6,-86.7
GLFL,12/02/2025,0,100,-81.8,-100,-100
GLOBUSSPR,12/02/2025,-74.5,-64.8,-98.8,-5.6,-12.4
GODREJIND,12/02/2025,-36.1,-34.5,73.6,0.4,34.4
GPIL,12/02/2025,-9,-9.6,-87.3,2.4,-0.9
GRAPHITE,12/02/2025,-110.8,-110.2,-203,-18.7,-24.2
HAL,12/02/2025,-3.9,-3.9,13.8,16.4,14.8
HBSL,12/02/2025,-7250,-9005.6,-189.4,-316.3,-128.7
HEMIPROP,12/02/2025,-15.4,-14.3,-900,-4,9.1
HIMATSEIDE,12/02/2025,0.5,-20.9,-46.3,-0.4,-4.4
HITECH,12/02/2025,7.8,-5.7,-14.6,2,0.6
HONASA,12/02/2025,245,243.5,-32.7,12.7,4.3
HPAL,12/02/2025,-5,-6.5,-34.8,11.6,19.9
HPL,12/02/2025,-16.3,-16.4,44.1,-7.1,7.3
ICDSLTD,12/02/2025,-214.9,-218,-6000,-5.6,-15
IFCI,12/02/2025,-104.7,-137.5,-192.3,-25.9,0.7
IIFL,12/02/2025,187.8,125.8,-91.7,-5,-7.8
IMAGICAA,12/02/2025,149,150,-68.4,129.5,35.8
INDIANCARD,12/02/2025,-103.2,-103.2,68.9,-6.1,-16.8
INDIANHUME,12/02/2025,8,7.9,-7.8,7.4,19.5
INDOWIND,12/02/2025,-101.6,-100,-100,-40.7,-19.1
INDTERRAIN,12/02/2025,84.2,84.7,9.6,12.8,-11.4
INNOVANA,12/02/2025,6.7,6.9,3.6,26.3,11.2
IOLCP,12/02/2025,7.1,7,-12.9,-0.5,0.5
ITDCEM,12/02/2025,20.5,20.7,8.8,12.8,11.3
JASH,12/02/2025,115.1,118.7,-70.4,29.4,29.8
JINDWORLD,12/02/2025,6.2,-79.3,-84.2,9.4,42.6
JUBLFOOD,12/02/2025,-35,-33,-39.8,10,56.1
KAMDHENU,12/02/2025,-21.7,-92.1,-89.3,-8,12.8
KCP,12/02/2025,-68.4,-73.9,-77.5,-0.3,-22.7
KECL,12/02/2025,-88.9,-88.5,-71.9,-25.9,-5.1
KEEPLEARN,12/02/2025,0,0,-88.9,3.4,41.6
KIRLOSBROS,12/02/2025,22.5,22.5,42.3,10.5,18.6
KOKUYOCMLN,12/02/2025,60.7,61.3,-165.1,-6.9,-4.5
KRSNAA,12/02/2025,-1.9,-1.6,56.3,-7.6,8.9
KSCL,12/02/2025,1806.9,2600,36.4,26.6,22
LANDMARK,12/02/2025,3180.6,NA,-39.3,31.7,24.6
LGHL,12/02/2025,-14.1,-13.7,-40.1,0.3,-18
LIBERTSHOE,12/02/2025,154.8,152.7,768.8,-6.8,5.2
LOTUSEYE,12/02/2025,-271.4,-300,-130.8,-5.5,1.2
LOYALTEX,12/02/2025,48.3,48.3,-1119.7,-16.3,-37.4
MANAKALUCO,12/02/2025,-4.1,-3.8,-10.7,-7.2,34.9
MANAKCOAT,12/02/2025,105.7,106.1,-1.4,17.2,7.4
MANAKSIA,12/02/2025,-13.2,-12.9,-23.5,10.8,23.3
MANAKSTEEL,12/02/2025,134.2,127.8,-49.4,36.2,6.5
MANINDS,12/02/2025,7.1,7.1,1.7,-9.2,-12.1
MARINE,12/02/2025,-62.6,-59.1,-24,5.3,32.1
MASTERTR,12/02/2025,-4.7,-4.6,19.5,-3.8,19.2
MAZDA,12/02/2025,-17.8,-83.5,-82.1,-17.7,-13.5
MOLDTECH,12/02/2025,-93.3,-93.2,-92.5,-22.1,-19.7
MUFIN,12/02/2025,5.8,2.8,-7.5,6.8,58.8
MUKTAARTS,12/02/2025,47.5,47.5,-9700,15.1,-10.8
MUTHOOTFIN,12/02/2025,8.9,8.9,32.3,7.4,39.6
NACLIND,12/02/2025,-342.5,-339.5,-156.3,-39.2,-26.7
NAGREEKCAP,12/02/2025,-35.8,-35.2,-60.7,-70.8,-71.6
NATCOPHARM,12/02/2025,-80.4,-80.3,-37.8,-65.4,-37.4
NAVKARURB,12/02/2025,405.6,300,0,NA,48.2
NCLIND,12/02/2025,24.9,25.4,-86.8,3.3,-32.4
NIBE,12/02/2025,NA,NA,NA,NA,NA
NINSYS,12/02/2025,1.2,1.9,70.7,2.3,21.3
NIRAJISPAT,12/02/2025,10.8,17,82.1,-24.8,9.7
NITCO,12/02/2025,-1808,-1814,-1426.1,28.1,5
NITIRAJ,12/02/2025,12920,21066.7,195.3,194.8,82.4
ORCHPHARMA,12/02/2025,-23.8,-23.8,-30,-2.4,-1.5
ORTINGLOBE,12/02/2025,74.4,75.9,95.8,-57.1,-84.2
PASUPTAC,12/02/2025,267,267.7,4.6,39.7,11.3
PATELENG,12/02/2025,11,6.8,-4.1,2.7,13.6
PGHL,12/02/2025,10.4,10.4,25.9,-1.2,-0.1
PNGJL,12/02/2025,163.1,161.7,NA,20.2,NA
PODDARMENT,12/02/2025,-4.1,-3.5,-31.3,-1.9,0.2
PRAXIS,12/02/2025,-230.6,-226.3,56,28.7,-47
PRECAM,12/02/2025,-175.5,-176.1,-125.4,-13.6,-24.5
PRECOT,12/02/2025,-12.5,-12.3,3.8,-1.6,9.5
PRECWIRE,12/02/2025,-1.7,-1.9,-2.8,-5.9,22
PREMEXPLN,12/02/2025,9.3,9.6,6.9,75.4,271.8
PREMIER,12/02/2025,0,1.6,17.1,-100,-100
PRITIKAUTO,12/02/2025,-58.3,-57.8,-24,-6,13.7
PRIVISCL,12/02/2025,-0.9,-0.5,37.7,-7.9,22.4
PTC,12/02/2025,-22.5,-27.5,93.5,-33.3,-0.2
PVSL,12/02/2025,-228.4,-229.2,-152.7,-9.8,-3.7
RATNAMANI,12/02/2025,34,30.8,-1.5,35.5,4.7
RCF,12/02/2025,1.6,1.4,400,5.3,-7.9
REDTAPE,12/02/2025,191.3,-27.1,-70.5,59.8,7.6
RELCHEMQ,12/02/2025,-86.8,-86.7,66.7,0.6,7.8
REPCOHOME,12/02/2025,-5.3,-5.3,6.8,5,12.5
REPRO,12/02/2025,126.8,126.8,-71.3,20.3,8.6
RICOAUTO,12/02/2025,-72.2,-70.2,-83.1,-4.2,5.4
RKEC,12/02/2025,118.5,119.1,-24.4,54.8,1.4
RKSWAMY,12/02/2025,536.8,554.5,-42.9,16.9,6.3
ROHLTD,12/02/2025,139.6,137.7,14.3,26.8,9
ROTO,12/02/2025,-65.2,-65.4,-69.6,-14.1,28.2
RPTECH,12/02/2025,-54.1,-54.4,NA,-23.7,7.7
RSWM,12/02/2025,47.3,47.5,72.5,2.5,22.3
RUBFILA,12/02/2025,8.4,8,101.7,-13.1,13.7
RVHL,12/02/2025,-2200,-1800,9.5,-12.5,-33.3
S&SPOWER,12/02/2025,-235.7,-241.7,-194.5,-27.9,-15.5
SADBHIN,12/02/2025,-85.6,-110.9,96.8,6.4,-14.6
SALONA,12/02/2025,-28.8,-28.1,6.8,-4.7,-23.3
SALSTEEL,12/02/2025,-855.6,-500,65.2,56.9,49.6
SANDHAR,12/02/2025,-25.2,-25.1,16.1,-1.1,9.5
SANGAMIND,12/02/2025,-49.3,-49.5,-48.6,11.7,18.5
SANSTAR,12/02/2025,NA,NA,NA,NA,NA
SARVESHWAR,12/02/2025,-13.1,-22.2,-36.4,4,23
SBCL,12/02/2025,-8.6,-8.4,11.6,-2.7,9.8
SETCO,12/02/2025,1.1,0,-23.6,10.9,7.4
SGLTL,12/02/2025,-55.8,-57.1,NA,-54.4,NA
SHAHALLOYS,12/02/2025,66,66,91,-21.8,-64.2
SHK,12/02/2025,-56,-55.9,-46.4,0.1,9.5
SHRIRAMPPS,12/02/2025,1806.6,1620,-33.3,-13.8,-45.2
SIEMENS,12/02/2025,-26.1,-26.1,32,-44.5,-19.1
SILINV,12/02/2025,-17.7,-15.5,25,-9.8,5.2
SKFINDIA,12/02/2025,16.2,16.2,-17.3,1,15
SMSLIFE,12/02/2025,45.9,17,26.6,7.8,17.3
SMSPHARMA,12/02/2025,20.2,20.8,32.7,-11.9,7.3
SREEL,12/02/2025,-3.7,-3.9,-11.5,-11.6,-4.9
STALLION,12/02/2025,-42.4,-41.1,NA,-39.6,NA
STANLEY,12/02/2025,55.6,51,NA,6.5,2.1
STARPAPER,12/02/2025,-47,-46.9,-48.2,-12.1,-15.1
SUBEXLTD,12/02/2025,-615.9,-700,-200,-2,-11.2
SUPRAJIT,12/02/2025,6582,7933.3,-19.9,-0.2,14.8
SUVENPHAR,12/02/2025,1.6,0.9,69.8,19.2,39.7
SWELECTES,12/02/2025,-217.4,-230.8,-233.5,-53.8,43.7
TAKE,12/02/2025,NA,NA,3677.8,NA,-100
TBOTEK,12/02/2025,-16.9,-17,-8,-6.3,29.1
TECILCHEM,12/02/2025,0,NA,NA,-100,-100
THOMASCOTT,12/02/2025,5.3,5.6,-9.2,11.5,109.2
TIJARIA,12/02/2025,15.9,16.1,-85.7,-100,-100
TIMESGTY,12/02/2025,9.4,12.3,6.7,-5.6,-2.3
TOUCHWOOD,12/02/2025,722.5,828.1,165.2,809.6,448
TRANSWORLD,12/02/2025,-28.3,-28.2,179.3,-6.2,63
TVSSRICHAK,12/02/2025,-158.7,-157.9,-124.7,-4.6,11.7
UNITEDPOLY,12/02/2025,1.4,1.9,150,-4.1,-37
UNIVPHOTO,12/02/2025,-142.6,-142.6,-28.3,-21.7,-35.3
VENTIVE,12/02/2025,NA,NA,NA,NA,NA
VIJAYA,12/02/2025,-16.3,-16.1,30.9,-7.7,27.3
VINEETLAB,12/02/2025,-217.2,-211.1,-181.4,-4.8,-44.7
VIPCLOTHNG,12/02/2025,135.3,120,168.8,5.7,39.3
VISASTEEL,12/02/2025,-318.4,-313.9,26.6,-21.2,32.3
VISESHINFO,12/02/2025,NA,NA,NA,NA,NA
VISHWARAJ,12/02/2025,102.9,103,-98.3,0.4,-12.3
VRAJ,12/02/2025,-20.1,-20.1,-29.6,36.9,48.6
WANBURY,12/02/2025,-84.9,-84.9,-88.6,-17.2,-8.3
WSI,12/02/2025,-710.6,-711.5,-223.1,5.6,-40.6
ZENITHEXPO,12/02/2025,132.5,132,542.9,15.1,0.8
AARON,11/02/2025,-2.2,-1.7,38.7,0,24.6
ABAN,11/02/2025,-139.9,-139.9,15.3,0.9,23.3
AHLUCONT,11/02/2025,27.6,27.7,-30.6,-5.9,-7.3
ALPHAGEO,11/02/2025,-568.2,-541.9,-295.1,-40.4,-71.6
AMBIKCO,11/02/2025,1.3,1.5,9.3,-22,-20.4
ANDHRSUGAR,11/02/2025,-108.3,-82.4,-92.4,-3.3,13.2
ASHIANA,11/02/2025,245,245.9,-62.1,143.9,-28.1
ASTRAZEN,11/02/2025,-19.8,-19.8,93.4,7.9,44
AWFIS,11/02/2025,-60.8,-61.2,NA,8.7,44
BAIDFIN,11/02/2025,138.9,143.8,0,8.5,21.2
BAJAJHCARE,11/02/2025,23.6,23.7,622.5,-7.8,13
BALAJITELE,11/02/2025,-354.8,-307.1,-1550,-35.4,-32.6
BALKRISHNA,11/02/2025,40.8,41.7,53.3,1200,-65.1
BBOX,11/02/2025,9.6,8.5,32.9,0.3,-9.3
BINANIIND,11/02/2025,22,29.4,90.7,-100,-100
BIOFILCHEM,11/02/2025,166.7,400,-37.5,482,179.5
BLS,11/02/2025,-12.2,-13.1,37.6,3.6,17.1
BOROSCI,11/02/2025,-51.6,-51.5,-47.8,-1.1,1.7
BRNL,11/02/2025,1738,2476.5,1234.8,203.8,137.5
BSOFT,11/02/2025,-8.3,-8.2,-28.5,-0.4,1.5
BYKE,11/02/2025,101.9,122.2,-41.2,27.2,23.4
CAMPUS,11/02/2025,223.8,216.7,65.2,54.5,9
CELLO,11/02/2025,6.6,5.7,-4.4,13.6,5.6
CENTENKA,11/02/2025,-33.6,-33.6,195.5,-8,9.5
CENTEXT,11/02/2025,2.5,0,-3.1,-2.8,8.4
CERA,11/02/2025,-32.7,-32.7,-10.1,-8.3,2.9
CONSOFINVT,11/02/2025,-67.7,-67.8,50.2,-15.4,-2.2
COSMOFIRST,11/02/2025,-35.4,-35.4,154.8,-7.7,12.1
COUNCODOS,11/02/2025,-16.7,-33.3,-80,-2,-21
CSLFINANCE,11/02/2025,-6.3,-6.1,-0.8,-1.3,17.4
CYBERMEDIA,11/02/2025,-15300,-19500,-897.3,15,-4.7
DALMIASUG,11/02/2025,-10.1,-10.1,-9.1,-9.2,44.1
DECCANCE,11/02/2025,120.1,120.1,-94.8,-4.2,-46.8
DELTAMAGNT,11/02/2025,-100.3,-98.2,-149.5,-23.3,-26.5
DEVYANI,11/02/2025,-56.6,NA,-100,5.9,53.5
DOLATALGO,11/02/2025,-44,-44.2,-12.8,-21.7,59
EIDPARRY,11/02/2025,-29.8,-36.3,63.5,-6.5,12.2
EIHOTEL,11/02/2025,110.1,102.4,17.5,35.8,7.9
ELECTHERM,11/02/2025,48.4,48.6,-17.6,32.9,-4.9
EPL,11/02/2025,6.5,7.3,4.6,-6.6,4
FAZE3Q,11/02/2025,23.3,23.2,-24.2,14.4,31.6
GENSOL,11/02/2025,-22.2,-42.5,28.6,-0.6,56.4
GICHSGFIN,11/02/2025,35.9,36,38.2,2,3.1
GIPCL,11/02/2025,12.8,12.6,-17.5,16.6,-8.9
GLOBALE,11/02/2025,-296.2,-292,NA,-32.3,NA
GOKULAGRO,11/02/2025,1.4,1.7,107.6,3.7,49.4
GOPAL,11/02/2025,-81.6,-81.5,-71.3,-2.3,7.1
GPTHEALTH,11/02/2025,-17.6,-17.7,-0.7,-3.3,5.8
GUJALKALI,11/02/2025,38.1,38.3,90.2,3.9,11.8
HEADSUP,11/02/2025,-13.3,0,146.2,650,114.3
HEG,11/02/2025,1.3,1.4,-62.1,-15.7,-14.9
HINDNATGLS,11/02/2025,-155.2,-155.1,-114.8,-3.9,-32.4
HLVLTD,11/02/2025,192.6,220,-33.3,33,4.1
HUHTAMAKI,11/02/2025,-0.3,-0.6,-96.4,-5.1,2.5
ICIL,11/02/2025,-7.5,-7.5,27,11.2,61.4
IDEA,11/02/2025,7.9,7.8,31.2,1.7,4.2
IGARASHI,11/02/2025,-33.9,-33.9,173.3,-2.4,21.3
IIFLCAPS,11/02/2025,-4,-4.4,28.5,-9.7,4.2
IL&FSENGG,11/02/2025,113.9,113.4,-84.1,3,44.2
INDOAMIN,11/02/2025,-18.1,-17.9,13.5,-3.9,33.5
INDOBORAX,11/02/2025,-1.4,-1.4,6.8,-1.1,-15
INDOTECH,11/02/2025,8.6,8.7,79.3,21.2,27.1
INDOUS,11/02/2025,14.8,16.1,32.6,6.1,6.2
INDSWFTLTD,11/02/2025,-232.5,-234.2,61.7,-11.9,17
IRCON,11/02/2025,-58.2,-58.2,-65.7,6.8,-9.4
IRCTC,11/02/2025,10.8,10.6,11.2,15.1,9.5
JAIBALAJI,11/02/2025,-21.4,-84.3,-91,-4.5,-3.4
JCHAC,11/02/2025,88.9,88.9,87.5,8.9,44.1
JHS,11/02/2025,82.2,82.5,-520,15,57.8
JINDALPHOT,11/02/2025,-80.3,-80.3,-72.7,-42.2,-5.9
JPOLYINVST,11/02/2025,-76.1,-76.1,-66.9,-1.9,4.1
JUNIPER,11/02/2025,209.2,208.8,385.7,0.7,-8.5
KALYANIFRG,11/02/2025,-53.8,-53.7,18.2,-6,-2
KANANIIND,11/02/2025,787.5,300,-42.9,-56,-5.4
KHADIM,11/02/2025,-50.8,-50.4,-42.2,-0.3,2.5
KILITCH,11/02/2025,-35,-30.8,94.2,18.3,76.2
KINGFA,11/02/2025,-7.2,-7.1,42,5.3,11.8
KIRLOSENG,11/02/2025,-45.7,-44.2,-21.9,-3.1,4.6
KMEW,11/02/2025,-33.6,-33.5,NA,-39.8,NA
KOLTEPATIL,11/02/2025,153.7,158.1,140.6,13.4,361
KOPRAN,11/02/2025,40.4,41.2,-36.1,9.7,4.5
KRITI,11/02/2025,-207.6,-205.6,-233.3,78.8,-13.6
KRITINUT,11/02/2025,-14.2,-14.1,-43.1,-0.4,3.6
KUANTUM,11/02/2025,-29.9,-30.2,-51,-3.2,-10.4
LANCORHOL,11/02/2025,-153.6,-152.8,-200,-20.1,47
LPDC,11/02/2025,103.4,103.4,-87.5,35.3,48.4
LUPIN,11/02/2025,-0.1,0.2,38.4,1.7,11
MADRASFERT,11/02/2025,4564.4,4530,247.9,50.2,43.8
MAGADSUGAR,11/02/2025,291.7,294,-45.8,-12.4,29.8
MAITHANALL,11/02/2025,-36.7,-36.9,6.2,14.4,18.5
MAMATA,11/02/2025,NA,NA,NA,NA,NA
MANUGRAPH,11/02/2025,75,75,-47.1,-48.5,-72.4
MARKSANS,11/02/2025,7.4,8.5,20.9,6.2,16.3
MBECL,11/02/2025,-25.6,-25.6,-37.3,-20.1,-46.2
MEDICAMEQ,11/02/2025,217.4,137.4,21.3,0.8,-3
MEGASTAR,11/02/2025,-67.3,-66.9,-69.5,4.5,22
MELSTAR,11/02/2025,NA,NA,NA,NA,NA
MFML,11/02/2025,-166.9,-167.3,NA,-18.2,NA
MHLXMIRU,11/02/2025,54.4,55.3,133.3,5.7,25.5
MOHITIND,11/02/2025,NA,NA,-100,NA,-0.2
MOIL,11/02/2025,27.4,27.2,13.8,25.7,19.7
MONTECARLO,11/02/2025,1088.8,1091.5,21.7,149.8,8.8
NBCC,11/02/2025,13.8,13.3,-17.7,15,16.6
NBIFIN,11/02/2025,-90.4,-90.3,-5.5,-88.8,-41
NDRAUTO,11/02/2025,11.9,11.9,-22.3,0.5,24.9
NIRAJ,11/02/2025,-45.5,-49.5,18.6,-13.3,-5.2
NOVAAGRI,11/02/2025,54.8,56.2,-26.9,6.6,12.3
NRAIL,11/02/2025,51.9,52.3,-59.6,-2.5,24.5
OCCLLTD,11/02/2025,-30.5,-30,NA,-6.7,NA
ONEPOINT,11/02/2025,0.4,0,-13.2,5.1,56.8
OPTIEMUS,11/02/2025,9.1,9.4,-19.4,-1.1,-2.1
PGHH,11/02/2025,26.7,26.7,17.2,9.9,10.1
PGIL,11/02/2025,-13.3,-4,47.9,-14.9,45.2
PRINCEPIPE,11/02/2025,-238.6,-239.1,-153.3,-7.1,-6.6
PROZONER,11/02/2025,802.3,162.5,0,-8.3,8.1
QUINTEGRA,11/02/2025,-200,NA,-112.5,-100,-100
RACE,11/02/2025,-66.1,-66,86,21.1,76.9
RAJRILTD,11/02/2025,290.9,287.5,15.4,8.2,17.3
RAMKY,11/02/2025,-28,-27.9,52.9,-13,4.1
RBZJEWEL,11/02/2025,61.6,61.1,85.8,66.2,67.3
RENUKA,11/02/2025,-782.6,-860,-35.2,1.4,-13.6
RETAIL,11/02/2025,-300,-213.3,-191.9,18.2,34.7
RHFL,11/02/2025,-107.1,-107.1,20,NA,NA
RHIM,11/02/2025,3.5,3.1,-9.8,16.6,9.5
RITCO,11/02/2025,13.4,13.9,23.3,12.1,30.9
RKDL,11/02/2025,-60,-66.7,102.3,-7.2,92.9
SAGARDEEP,11/02/2025,-35,-31.8,0,-31.6,-11.4
SAIL,11/02/2025,-84.2,-84.3,-68.5,-0.8,4.9
SALZERELEC,11/02/2025,-44.4,-44.4,13.8,-0.8,27.2
SAMMAANCAP,11/02/2025,111,110.7,-2.6,-16.8,-5.9
SATIA,11/02/2025,60.2,61,-51.1,10.5,-13.7
SCHNEIDER,11/02/2025,103.5,102.6,20,42.9,15.2
SEAMECLTD,11/02/2025,-1800,-3375,-105.9,69.9,-30
SEQUENT,11/02/2025,1.7,40,-65,6,18.6
SGL,11/02/2025,166.7,157.1,300,53.3,36.3
SHIVALIK,11/02/2025,55.3,30.9,65.4,3.5,21.4
SHREEPUSHK,11/02/2025,19.4,19.1,98.4,23.6,24.2
SIKKO,11/02/2025,-38.4,-37.5,-31.8,-23.9,-14.2
SIRCA,11/02/2025,-14,-13.6,5,-15.9,22.2
SOFTTECH,11/02/2025,-24.4,-61.1,-76.7,-6.2,16.2
SRM,11/02/2025,54.4,54.2,148,57.9,73.4
SUNDRMBRAK,11/02/2025,-40.7,-39.6,-72,6,4.1
SUYOG,11/02/2025,-15.4,-15.2,-16.6,2.1,16.7
TALBROAUTO,11/02/2025,1.6,1.8,3.2,-6.5,1.3
TATAINVEST,11/02/2025,-84.2,-84.1,-63.3,-97.4,-92.7
TBZ,11/02/2025,149.2,148.9,36.6,63.6,25.2
TECHNOE,11/02/2025,1.8,1.9,-4.4,44.1,94.8
TERASOFT,11/02/2025,66.4,68.3,77.1,-5.8,14.9
TGBHOTELS,11/02/2025,183.3,187.5,-28.1,18.5,-5.9
TIIL,11/02/2025,-41.8,-41.3,-30.5,2.5,25.7
TIMETECHNO,11/02/2025,2.6,2.3,7.5,1.3,4.8
TOLINS,11/02/2025,13.3,13.1,NA,-9.3,NA
TVTODAY,11/02/2025,4.9,5,-70.6,14.5,-9.9
VERTOZ,11/02/2025,11.4,12.5,-97.5,4,19.7
WINDLAS,11/02/2025,-0.6,-0.5,1.4,4.3,20.2
WORTH,11/02/2025,27,34,30.7,-3.2,14.3
YASHO,11/02/2025,-121.4,-121.4,-106.3,-8,16.1
ZEEMEDIA,11/02/2025,55,55,26.5,22,-4.7
ZODIACLOTH,11/02/2025,27.6,27.7,-299,6.6,25
AAATECH,10/02/2025,-53.8,-52.2,-64.8,57.4,24.6
AFFORDABLE,10/02/2025,-13.9,-13.4,NA,78.6,NA
AHL,10/02/2025,-1.7,1.4,16.3,99.6,152.9
AKSHARCHEM,10/02/2025,10.2,14.7,196,14.9,20.4
ALICON,10/02/2025,-95.4,-95.4,-95.4,-15.5,-3.2
APOLLOHOSP,10/02/2025,-4.1,-1.7,50.9,-1.1,13.9
ARIHANTCAP,10/02/2025,-38.7,-38.9,-39.8,-32.2,-28.8
ASHOKA,10/02/2025,43,43.2,501,-4.1,-10.1
ATL,10/02/2025,3.6,2.1,-27.3,-3.9,1.2
AVADHSUGAR,10/02/2025,674.7,702.4,-69.3,-2.4,3.8
AVANTIFEED,10/02/2025,15.9,18.9,84,0.8,9
AXITA,10/02/2025,-287.7,-233.3,-119,75.5,-14.1
BALAXI,10/02/2025,15.8,15.5,-92.7,-5.3,20.4
BALMLAWRIE,10/02/2025,1,2.7,-5.5,-1.3,7.8
BATAINDIA,10/02/2025,12.9,13.1,0,9.7,1.7
BCONCEPTS,10/02/2025,-1.7,-0.6,-44.2,-5.3,2
BLSE,10/02/2025,-5.7,-9.4,19,65.3,77.9
BODALCHEM,10/02/2025,2681,2250,152.9,3.5,31
BURNPUR,10/02/2025,NA,NA,NA,NA,NA
BUTTERFLY,10/02/2025,-34.6,-34.5,504.3,-7.6,0
CANTABIL,10/02/2025,421.9,426.9,34.8,47.4,26.8
CLSEL,10/02/2025,8.6,8.5,-25.5,7,-1.2
COMPUSOFT,10/02/2025,-69.4,-69.2,-81,-5.7,-64.4
CRISIL,10/02/2025,30.9,30.9,6.7,12.4,-0.5
CROWN,10/02/2025,22.8,23.7,64.3,14.3,18.5
DDEVPLSTIK,10/02/2025,3.6,4.2,16.3,13.9,19.3
DHARMAJ,10/02/2025,-94.4,-94.4,-80.8,-44,41.3
DIACABS,10/02/2025,56,33.3,NA,22.8,NA
DUCON,10/02/2025,-2.6,-9.1,-47.4,1.6,0.3
DYNPRO,10/02/2025,12,12.7,238,-2.4,33.4
EICHERMOT,10/02/2025,6.4,6.4,17.1,16.7,19
EIFFL,10/02/2025,121.5,129,39.2,45.9,58.2
EIHAHOTELS,10/02/2025,1782.5,1826.5,-47.6,87.7,5
ELGIEQUIP,10/02/2025,-14.9,-15.3,-5.9,-2.5,3.1
EMIL,10/02/2025,28.4,26.2,-33.9,36,6.2
ENGINERSIN,10/02/2025,9.1,8.4,60.8,11,-11.9
EQUIPPP,10/02/2025,38.8,25,-150,2,31.6
ESABINDIA,10/02/2025,-6.5,-6.5,6.2,-0.4,11.9
ESAFSFB,10/02/2025,-11,-10.8,-281,-4.7,-2.5
ESCORTS,10/02/2025,-1.1,-1.1,11.1,18.5,25.9
EUREKAFORB,10/02/2025,-25.5,-25.3,41.7,-11.2,11
FIBERWEB,10/02/2025,-0.6,0,98.4,0.6,70.5
FMNL,10/02/2025,-0.7,-2.6,24.4,-0.4,10.9
FORCEMOT,10/02/2025,-14.6,-14.6,34.9,-2.7,11.7
GALAXYSURF,10/02/2025,-23.8,-23.8,-9.9,-2,10.8
GANDHITUBE,10/02/2025,-12.4,-12.1,14.2,-18.2,-3.8
GARFIBRES,10/02/2025,-27.5,-27.7,-77.4,-16.6,21.2
GENUSPOWER,10/02/2025,-17.9,-17.9,822.6,24.1,132.5
GILLETTE,10/02/2025,-5.3,-5.3,20.9,-12.3,7.2
GRASIM,10/02/2025,67.6,130.2,-38.9,3.7,8.8
GSFC,10/02/2025,-55.1,-55.1,15.5,6.8,40.2
HARIOMPIPE,10/02/2025,-28.9,-28.8,0.3,-4.6,7.1
HBLENGINE,10/02/2025,-25.8,-26.3,-20.5,-13.5,-24.8
HERCULES,10/02/2025,NA,NA,-74.3,NA,-100
HINDCOMPOS,10/02/2025,17.6,17.9,67.3,6.3,14
HISARMETAL,10/02/2025,-29.3,-26.9,-47.6,-12.2,6.9
HITECHCORP,10/02/2025,-51.7,-51.5,-46.8,-16.1,-4.9
HLEGLAS,10/02/2025,-28.8,-33.7,134,-2,-3.5
HONDAPOWER,10/02/2025,122.8,123.3,-32.8,15.2,-22.5
HOVS,10/02/2025,57.1,64.1,81,3.4,42.9
ICRA,10/02/2025,13.7,14.4,30.5,-4.2,5.4
INDIGOPNTS,10/02/2025,51,50.9,-4.4,13.5,-4.1
INDLMETER,10/02/2025,NA,NA,NA,NA,NA
INSECTICID,10/02/2025,-75.7,-75.6,20.4,-42.7,0.3
IRMENERGY,10/02/2025,-16,-16.3,-59.2,8.3,10.9
ISGEC,10/02/2025,-75.9,-78.3,-67.9,-9,0.3
JBFIND,10/02/2025,NA,NA,NA,NA,NA
KCPSUGIND,10/02/2025,-286.2,-285,-1010,14,1.6
KHANDSE,10/02/2025,86.2,118.7,29.6,-14.8,21.1
KIRLOSIND,10/02/2025,-41.8,-51.7,-46.9,-4.4,3.9
LATTEYS,10/02/2025,-67.6,-69.2,-60,-7.2,38
LAXMICOT,10/02/2025,107.2,107.3,113.9,-27.1,32
LFIC,10/02/2025,-157.7,-158.3,-154.1,-58.1,-61.2
LORDSCHLO,10/02/2025,217.5,233.3,142,6.8,11.2
LUMAXIND,10/02/2025,18.3,18.4,30.4,9.3,40.4
MADHAV,10/02/2025,-10.3,2.7,84.6,14.9,4.6
MAHAPEXLTD,10/02/2025,14.1,14.4,92.4,-90.4,-93.1
MALUPAPER,10/02/2025,-1.4,-0.5,-793.5,-3.3,1.9
MANCREDIT,10/02/2025,7.4,7.9,12.7,8.3,44.9
MSTCLTD,10/02/2025,344.5,344.3,397.6,12.8,-56.2
MTARTECH,10/02/2025,-13.1,-13.1,51.7,-8.3,47.5
MUKANDLTD,10/02/2025,-42.3,-42.5,-27.5,0,7.3
MURUDCERA,10/02/2025,-32.7,-31.1,-13.9,17,-1.8
NATIONALUM,10/02/2025,49,48.9,216.9,16.5,39.3
NEULANDLAB,10/02/2025,209.1,209.3,24.7,28,1.3
NFL,10/02/2025,278.9,272,-68.4,33.4,-22.8
NYKAA,10/02/2025,103.3,80,-40,20.9,26.7
ODIGMA,10/02/2025,16.7,33.3,NA,20.4,NA
OMAXE,10/02/2025,37.2,37.2,-131.2,-25.8,-51.8
ORIENTPPR,10/02/2025,46.5,46.2,-733.3,10.5,13.1
ORISSAMINE,10/02/2025,-1024.7,-1045.5,-416.8,-12,-27.3
PATANJALI,10/02/2025,20,19.9,69.4,11.6,15.1
PFOCUS,10/02/2025,-296.2,-281.1,-13.6,1.4,8.1
PNCINFRA,10/02/2025,-2.5,-2.5,-56.4,3,-28.2
POWERMECH,10/02/2025,24.5,22.3,-33.5,29.2,20.8
PPL,10/02/2025,-5.1,-5,-0.8,-3.9,21.6
PRAKASHSTL,10/02/2025,112.5,33.3,-75,-0.2,-25.8
PRUDMOULI,10/02/2025,-50,-50,-57.5,68.8,25.3
RAMCOIND,10/02/2025,425.7,427.8,230.3,-2.7,3
RESPONIND,10/02/2025,-4.8,-4.9,1.1,5.2,37.6
SAMBHAAV,10/02/2025,455.6,200,-72.7,4.4,5.7
SANATHAN,10/02/2025,NA,NA,NA,NA,NA
SANSERA,10/02/2025,8.3,-4.3,-4.7,-4.7,2.1
SAREGAMA,10/02/2025,38.6,38.6,15.8,99.9,136.6
SATIN,10/02/2025,-68.1,-68.2,-87.5,4.1,14.8
SEMAC,10/02/2025,58,56.3,90.8,41.5,67
SHALPAINTS,10/02/2025,-22.5,-22.2,-118.3,2.3,1.5
SHILPAMED,10/02/2025,76.9,76.6,415.9,-7.1,11.3
SIGNATURE,10/02/2025,597.1,613.8,762.5,10.5,193.6
SIL,10/02/2025,-178.2,-180.6,-163.6,70,44.8
SILGO,10/02/2025,20.2,27.9,10,56.9,15.9
SINTERCOM,10/02/2025,180,200,-34.8,15.2,3.2
SMARTLINK,10/02/2025,257.7,275,321.7,-8.3,33.5
SPAL,10/02/2025,10,10.2,36.2,-8.2,42.5
SPARC,10/02/2025,25.9,25.9,17.2,15.6,7
SUKHJITS,10/02/2025,-14.2,-14.2,-66.6,2,3.8
SUMIT,10/02/2025,-21.7,29.1,18.3,-34.8,-30.6
SUPREME,10/02/2025,5.4,1.8,229.4,-15.1,39
SURAJEST,10/02/2025,-37.3,-41.9,10,55.7,60.1
SYNCOMF,10/02/2025,16.6,7.7,-6.7,25.1,100.4
TEMBO,10/02/2025,15.8,16.1,273.8,0.4,46
TIRUPATIFL,10/02/2025,-50.8,-48,-53.6,-19,-19.4
TPLPLASTEH,10/02/2025,28.8,29,11.2,2.3,10
TRACXN,10/02/2025,130.7,130.2,-58.1,-0.2,0.9
TRANSRAILL,10/02/2025,69.5,57.4,NA,24.8,NA
TREJHARA,10/02/2025,-42.1,-41.6,-60.9,1.1,-0.2
TTL,10/02/2025,102,-83.3,104.3,4.2,8.2
TVSSCS,10/02/2025,-323.5,-366.7,-300,-2.7,10
UNITEDTEA,10/02/2025,-30,-29.8,4.7,-8.3,-3.1
UNIVCABLES,10/02/2025,-13.4,-13.5,-34.8,-4.8,30.2
USK,10/02/2025,135.1,135.5,-77.1,-41.5,-72.2
VARROC,10/02/2025,-178.1,-185.2,-112.3,-0.3,10.1
VBL,10/02/2025,-68.9,-71.4,-49.5,-23.2,38.3
VINDHYATEL,10/02/2025,60.3,60.4,-43.2,8.9,-4.3
VSTTILLERS,10/02/2025,-96.2,-96.2,-90,-22.7,28.9
YATRA,10/02/2025,36.7,36.2,433.3,-0.5,113.1
ZIMLAB,10/02/2025,65.3,67.3,-23.4,4.5,-0.1
ZODIAC,10/02/2025,125.7,129.1,79.1,97.6,122
BIRLACABLE,09/02/2025,-24.4,-23.5,-60.9,-13.2,-2.6
KKCL,09/02/2025,-64.2,-64.2,-31.4,-20.3,0.7
RAINBOW,09/02/2025,-12.8,-13,9.6,-4.6,18.5
AARTISURF,08/02/2025,-53.6,-52.6,-86.4,7.9,17.2
ADVENZYMES,08/02/2025,16.3,14.2,-12,15.7,5
AFFLE,08/02/2025,8.9,8.7,28.2,10.8,20.6
ARE&M,08/02/2025,29.5,29.6,20.7,0.9,9.8
ARROWGREEN,08/02/2025,-31.2,-31.1,157.4,-15.1,120.8
ATULAUTO,08/02/2025,54.4,42.3,46.8,7.3,26.3
AUTOIND,08/02/2025,-78.7,-77,-75.4,-0.2,1.4
BANCOINDIA,08/02/2025,-77.7,-77.7,-77.6,-28.6,12
CONFIPET,08/02/2025,20.8,67.3,-11.5,-6.5,25.8
DPSCLTD,08/02/2025,-16.7,-25,-76.9,4,10.8
ELIN,08/02/2025,-70.8,-71.1,-54.1,-12.6,12.5
EXXARO,08/02/2025,303.3,NA,-86.4,13.6,21.6
FIRSTCRY,08/02/2025,76.5,84.5,NA,14,NA
FOCUS,08/02/2025,-100.4,-100,-100,-8.6,-26.8
GODAVARIB,08/02/2025,107.7,106.3,NA,39.3,NA
GTECJAINX,08/02/2025,-9633.3,-14150,-2441.7,-38.3,-33.8
HECPROJECT,08/02/2025,11.7,16.5,-62.8,37.2,60.4
HINDCOPPER,08/02/2025,-38.2,-38.7,-12.2,-36.8,-17.9
ICEMAKE,08/02/2025,-41.6,-40.3,32.8,6.9,34
IFGLEXPOR,08/02/2025,-118,-117.9,-222.4,-7.9,3.4
IPL,08/02/2025,-34.5,-34.3,-31.7,-24.7,14.2
JAYAGROGN,08/02/2025,3.5,-35.8,-9.5,-3.1,35.2
JYOTICNC,08/02/2025,5.7,5.4,41.2,4.4,18.9
KAPSTON,08/02/2025,13.8,14.4,-18.3,8.4,32.9
LAGNAM,08/02/2025,473.2,504.5,-50.6,10.4,20
LIKHITHA,08/02/2025,-0.7,-0.9,6.1,0.7,25.5
MOL,08/02/2025,52.4,51.4,88,4.5,61.6
PAKKA,08/02/2025,-56.7,-62,-35.9,-4.6,6.6
PARAS,08/02/2025,8.7,4.8,82.8,-1.5,33.5
PARKHOTELS,08/02/2025,20,20.8,-2.6,25.3,11.7
PRAKASH,08/02/2025,-7.4,-7.3,2.6,-14,4.6
SAKAR,08/02/2025,-6.4,-6.8,106,1.4,16.4
SARDAEN,08/02/2025,-1.7,0.9,65.7,13.8,42.5
SEJALLTD,08/02/2025,36.5,37.4,212.1,0,30.3
SHAILY,08/02/2025,14.8,14.6,70.2,2.9,24.6
SHRADHA,08/02/2025,9,5.2,-65.1,82.5,-19
STYLAMIND,08/02/2025,-10.9,-10.9,-3.3,-3.1,18.6
SURAKSHA,08/02/2025,-40.9,-51.2,NA,-11.2,NA
XPROINDIA,08/02/2025,-25.2,-25.5,-36,-22,8.7
21STCENMGM,07/02/2025,-253.1,-253.2,-123.1,-115.5,-113.1
3MINDIA,07/02/2025,-15,-15,-8.8,-1.9,15.7
ACE,07/02/2025,17.8,17.8,25.4,15.6,16.2
ACI,07/02/2025,156.9,157.6,-45.5,1.8,-41.2
ADVANIHOTR,07/02/2025,2349.1,2250,19.4,109.9,8.6
AFIL,07/02/2025,9,8.9,7.2,16.7,43.3
AIAENG,07/02/2025,0.9,1,-7.5,2.1,-8.8
AKZOINDIA,07/02/2025,10.9,10.9,-4.8,6.9,1.7
ALEMBICLTD,07/02/2025,-46,-46,2.8,9.4,47
ALKEM,07/02/2025,-8.7,-9.1,5.1,-1.2,1.5
ANIKINDS,07/02/2025,-39.6,-37.1,22.2,5,155.5
ANUHPHR,07/02/2025,-31.4,-31.3,-45.6,-3.9,-7.3
APOLSINHOT,07/02/2025,-28.3,-27.8,-45.7,4.8,-40.3
ASIANTILES,07/02/2025,-119.1,-96.2,104.9,-6.2,-3
ASTRAMICRO,07/02/2025,86.4,87.3,7.5,12.6,11.9
BALRAMCHIN,07/02/2025,4.9,4.5,-24.1,-8.2,-3.1
BALUFORGE,07/02/2025,22.5,22.2,109.7,14.7,73.8
BLKASHYAP,07/02/2025,-88.1,-88.4,-86.5,-9.5,-25.4
BOROLTD,07/02/2025,93.5,92.9,-10.8,23.4,11.8
CAPLIPOINT,07/02/2025,7.1,6.2,17.7,2,13.2
CENTURYPLY,07/02/2025,47,45.3,-9.3,-3.6,21.7
CHEMPLASTS,07/02/2025,-56.4,-56.1,44.5,6.5,19.1
CHOLAHLDNG,07/02/2025,-2.9,-7.5,3.8,4.9,24.9
DELHIVERY,07/02/2025,144.5,126.7,61.9,8.6,8.4
DEVIT,07/02/2025,-77.6,-79.4,-10.5,32.6,50
DIFFNKG,07/02/2025,-25,-43.4,NA,-10.8,NA
DLINKINDIA,07/02/2025,-0.7,-0.7,16.2,-1.6,13
DPABHUSHAN,07/02/2025,48.5,48.6,118.4,7.9,41.6
DRCSYSTEMS,07/02/2025,7.6,8,-42.6,5,24.2
DREAMFOLKS,07/02/2025,5.5,6.6,-18.4,7.3,11.5
DREDGECORP,07/02/2025,148,148,-41.4,58.6,22.2
DVL,07/02/2025,37.3,37.8,633.5,-14.8,122.2
DYNAMATECH,07/02/2025,-70.7,-70.7,-68.7,-12.7,-8.7
EDELWEISS,07/02/2025,13.2,12.8,-7,-31.9,-19.6
ENIL,07/02/2025,332.1,323.3,-62.3,39.9,-1.1
ESSENTIA,07/02/2025,287.5,0,-87.5,-4.9,100.5
EUROTEXIND,07/02/2025,48,49.1,59.3,-100,-100
EXCELINDUS,07/02/2025,-82.6,-82.6,123.1,-27,8.9
FORTIS,07/02/2025,31.7,39.6,76.3,-3,14.8
FSL,07/02/2025,16,15.8,24,9.2,31.7
GARUDA,07/02/2025,25.3,0.7,NA,33,NA
GILLANDERS,07/02/2025,-39.4,-39.3,158.6,0.7,25.7
GINNIFILA,07/02/2025,-630.8,-900,94.8,6.3,14.3
GLOSTERLTD,07/02/2025,124.6,124.4,-63.1,24.4,29.7
GOKEX,07/02/2025,78.4,78.2,37.5,6.3,79.1
GOLDIAM,07/02/2025,124.7,125.1,50.8,104.1,38.5
GRWRHITECH,07/02/2025,-41.7,-41.7,8.5,-24.9,2.8
GSPL,07/02/2025,-20.7,-17,-41.5,9.2,-0.7
HAPPYFORGE,07/02/2025,-9.7,-9.6,9.8,-1.9,3.6
HCL-INSYS,07/02/2025,32.7,30.4,30.4,-16.2,-30.6
HMAAGRO,07/02/2025,-60.4,-61,-59,-0.7,16.2
HNDFDS,07/02/2025,24.9,24.4,23.2,-0.4,20.6
HONAUT,07/02/2025,14.7,14.8,3.2,6.5,1.8
IKIO,07/02/2025,-39.7,-39.3,-59.8,-2.8,3.9
INDORAMA,07/02/2025,130.8,130.8,114.1,22.6,24
INOXINDIA,07/02/2025,17.9,17.8,18.6,8.8,14.8
INSPIRISYS,07/02/2025,248.3,246.9,243.3,-5.6,-34.7
JLHL,07/02/2025,-2,-2,15.3,-1.5,16.8
KAKATCEM,07/02/2025,-755.7,-755.6,-65.3,-21.5,-63.3
KROSS,07/02/2025,41.2,41.6,NA,7.9,NA
LATENTVIEW,07/02/2025,4.6,4.1,-12.5,9,37.4
LICI,07/02/2025,42.5,42.3,16.2,-11.8,-4.8
LINDEINDIA,07/02/2025,9.1,9.2,-3.3,-4.5,-14.2
M&M,07/02/2025,7.8,0.3,19.2,9.4,17.5
MANOMAY,07/02/2025,25.1,26,51.1,5.3,49.1
MANORG,07/02/2025,31,31.5,189.5,-27.3,15.4
MAXESTATES,07/02/2025,1263.2,846.2,920,-0.4,65.2
MAZDOCK,07/02/2025,37.9,37.9,-31.9,14,33.1
MOLDTKPAC,07/02/2025,-3.4,-3.8,-5.3,-0.3,15.2
MONARCH,07/02/2025,-7.9,-8.2,-55,-26.3,1
MOTISONS,07/02/2025,46.6,45.5,-86.3,32.9,17.8
NAVA,07/02/2025,6.4,-50.1,-61.9,-6.4,-9.4
NGLFINE,07/02/2025,-87.3,-87.3,-85.7,-2.5,5
NHPC,07/02/2025,-69.1,-74.4,-58.2,-25.1,11.2
NOIDATOLL,07/02/2025,-3980.9,-4146.7,-3343.2,0,137.6
NRBBEARING,07/02/2025,-38.6,-39.6,-87.2,-7.6,7.7
OIL,07/02/2025,-29.6,-33.7,-62.1,15,-13.3
OLAELEC,07/02/2025,-13.9,-15.3,NA,-13.9,NA
OMINFRAL,07/02/2025,16.6,17.1,-34.2,-44.3,-51.1
ONELIFECAP,07/02/2025,57.5,59.5,-603.4,-14.2,-14.7
ORBTEXP,07/02/2025,-58.8,-58.9,19.7,-10.3,20.5
ORIENTALTL,07/02/2025,301.9,307.1,275.8,-5.1,526.7
PENINLAND,07/02/2025,-369.4,-363.6,-125.2,65.3,-29.6
PNC,07/02/2025,32.7,35.1,-154.5,-19,-56.9
PPAP,07/02/2025,-43.9,-43.3,161.8,-3.9,13.7
PSPPROJECT,07/02/2025,-45.5,-45.6,-83.2,7.8,-10.5
REMSONSIND,07/02/2025,28.9,8.6,-82.4,40.5,24.7
RISHABH,07/02/2025,101,103.7,5.7,-0.6,13.7
ROML,07/02/2025,0,0,-11.9,0.1,-14.4
SCHAND,07/02/2025,51.5,52.4,29,167.4,31.1
SCI,07/02/2025,-77.7,-77.7,-52.1,-10.2,-2.8
SCPL,07/02/2025,-5.7,-4.7,-22.4,-3.8,-18.7
SELAN,07/02/2025,-13.5,-13.4,200.5,-7.2,46.6
SHIVAMAUTO,07/02/2025,-7.2,-7.8,11.8,-6.4,-6.8
SKMEGGPROD,07/02/2025,-13.1,-12.8,-36.7,6,-11.7
SMLISUZU,07/02/2025,-97.6,-97.5,-80.6,-39.6,-14.1
SOMATEX,07/02/2025,-100.5,-100.5,-128.6,-83.9,-72.7
STCINDIA,07/02/2025,121.6,121.6,-88.9,-100,-100
SUNTV,07/02/2025,-11.3,-11.3,-20.7,-11.5,-10.4
SUTLEJTEX,07/02/2025,-34,-34.3,6.5,-4.1,7.9
SVLL,07/02/2025,1366.7,1200,-64.9,6.5,19.6
SWANDEF,07/02/2025,2.1,2.6,NA,16,NA
TASTYBITE,07/02/2025,28.8,29.2,107.6,14,34.6
TCIFINANCE,07/02/2025,-35.3,-12.5,-164.3,-100,-100
THEJO,07/02/2025,12.2,10.4,-25.2,1.6,-9.6
TIL,07/02/2025,-75.4,-80.6,-102,17,553.5
UNIDT,07/02/2025,-36.4,-36.1,4,-33,1.9
UNIVAFOODS,07/02/2025,-400,NA,-500,-100,-100
VALIANTLAB,07/02/2025,149.8,150,174,63.7,-13.2
VSTIND,07/02/2025,186.4,185.4,-77,2,1.2
VSTL,07/02/2025,268.8,285.1,-41.4,4.7,-1.5
WABAG,07/02/2025,-0.2,-0.6,11.1,15.8,15.1
WCIL,07/02/2025,-30.5,-30.6,NA,2.7,NA
ZAGGLE,07/02/2025,8.9,0,11.9,11.2,68.6
AADHARHFC,06/02/2025,5.2,4.9,NA,4.4,18.5
ABMINTLLTD,06/02/2025,-312,-305.6,1.4,-0.2,-21
ACLGATI,06/02/2025,150.8,450,-93.7,3.3,3.8
AGROPHOS,06/02/2025,441.3,434.8,143.5,-27.7,25.9
AKUMS,06/02/2025,-0.6,-0.2,NA,-2.2,NA
ANDHRAPAP,06/02/2025,-72.1,-72,-97.2,-10.8,-19.1
APOLLOTYRE,06/02/2025,13.4,13.5,-32.5,7.6,5
ATFL,06/02/2025,5485.7,5233.3,44.1,1.1,8
AUROPHARMA,06/02/2025,3.5,3.4,-9.9,2.3,8.5
AYMSYNTEX,06/02/2025,-14.4,-25.6,583.3,-6.4,13.9
BAFNAPH,06/02/2025,-64.2,-64,134.8,-17.7,16.5
BAJEL,06/02/2025,-60.3,-59.4,-66.7,-6,126.2
BDL,06/02/2025,20,19.7,-46.2,52.7,38.3
BEML,06/02/2025,-52.2,-52.2,-49.7,1.9,-16.4
BHARTIARTL,06/02/2025,288.5,311.3,484.5,8.8,19.1
BHARTIHEXA,06/02/2025,3.1,3.2,20.6,7.3,25
BIKAJI,06/02/2025,-57.3,-57.4,-39.7,-5.2,10.3
BRITANNIA,06/02/2025,9.5,9.4,4.2,-1.6,7.9
BSE,06/02/2025,-36.8,-36.6,101.6,2.3,95.2
CARRARO,06/02/2025,-71.1,-71.1,NA,-51,NA
CHAMBLFERT,06/02/2025,-0.4,-0.4,19.9,13.2,13.1
COCHINSHIP,06/02/2025,-4.6,-4.5,-26.4,-2.5,4.7
DCXINDIA,06/02/2025,121.5,123.4,-19.8,44.7,42.8
DELPHIFX,06/02/2025,-3015,-3375,-269.6,-5.9,-41.4
DHAMPURSUG,06/02/2025,213.5,212.7,-52.5,-2.2,13
DIAMINESQ,06/02/2025,-70,-69.4,-78.4,-9,-24.2
EIEL,06/02/2025,0.9,-19.6,NA,16.1,NA
EMCURE,06/02/2025,-22.6,-21.2,NA,-2,NA
EXPLEOSOL,06/02/2025,-44.3,-44.3,-42,-0.7,2.9
FINPIPE,06/02/2025,82.7,83.1,0.7,20.9,-1.8
GEEKAYWIRE,06/02/2025,4,4.5,-11.1,-8.5,6.8
GMMPFAUDLR,06/02/2025,131.3,139.7,29.6,-0.5,-6.4
GOODLUCK,06/02/2025,-11.6,-11.3,11.2,-3.5,7.2
GREENPANEL,06/02/2025,-54.2,-54.6,-76.2,6.7,-6.8
GREENPLY,06/02/2025,38.3,37.1,-11.7,-4.1,5.5
GULFOILLUB,06/02/2025,16.2,16.1,20.7,6.5,10.7
HEROMOTOCO,06/02/2025,3.9,4.1,1.1,-2.1,4.8
HIL,06/02/2025,-341.4,-341.8,-397.9,4,2.7
INDIASHLTR,06/02/2025,6.7,6.3,51.5,7.7,45.7
INVENTURE,06/02/2025,100.6,100,-100,-25.4,-30
ITC,06/02/2025,-0.8,-1.3,-9.4,-9.4,4.3
JKLAKSHMI,06/02/2025,414.9,528,-58.9,21.3,-12.1
KICL,06/02/2025,-91,-91,-47.1,-88.5,26.9
KIMS,06/02/2025,-23.4,-17.2,-75.4,-0.6,27.5
KPEL,06/02/2025,15.2,15.3,158.2,3.5,151
KPIGREEN,06/02/2025,21.7,20.5,-49.2,27.4,38.8
KRBL,06/02/2025,29.1,28.7,-1.9,32.4,17
MANGLMCEM,06/02/2025,134.5,138.7,-51.9,22.1,-0.3
MASKINVEST,06/02/2025,-87.5,-70,-96.6,-89.2,-92.6
MAXIND,06/02/2025,-96.6,-96,-154.4,-18.8,-14.7
MINDACORP,06/02/2025,-12.9,-13.1,20.4,-2.9,7.4
MOREPENLAB,06/02/2025,-23.5,-24.6,-31,3.4,1.8
MRF,06/02/2025,-33,-33,-38.1,1.7,13.6
MSUMI,06/02/2025,-8,-5.9,-28.9,-1.1,8.8
MUNJALSHOW,06/02/2025,190.3,188.5,-32.7,0.4,5.2
MUTHOOTMF,06/02/2025,-93.8,-93.9,-97,2.1,17.1
MVGJL,06/02/2025,-5.5,-5.5,31.2,-22.5,4.7
NCC,06/02/2025,17.7,18,-14.7,2.9,1.6
NMDC,06/02/2025,56,55.1,-58.2,33.5,21.4
NOCIL,06/02/2025,-69.4,-69.6,-58.6,-12.3,-6.6
NSLNISP,06/02/2025,-27.3,NA,NA,39.2,128.9
OCCL,06/02/2025,50.7,825,-72.7,-7.8,-71.4
ORIENTCER,06/02/2025,34.1,25,-56.5,2.2,-7.9
ORIENTTECH,06/02/2025,-16,-16.3,NA,-7.3,NA
PARACABLES,06/02/2025,11,10.4,-14,10,37.7
PATINTLOG,06/02/2025,5.8,3.3,0,6.5,16.7
PGEL,06/02/2025,104.3,89.2,89.2,44.1,81.9
PIIND,06/02/2025,-26.7,-26.7,-17.2,-14.4,0.2
PIONEEREMB,06/02/2025,204.2,222.7,914.3,2.4,12.5
PRSMJOHNSN,06/02/2025,144.4,154.2,9500,10.3,7.5
PTL,06/02/2025,-39.7,-40,34,-0.1,-0.4
PVRINOX,06/02/2025,394.6,407.6,163.3,5.9,11.1
RAMCOCEM,06/02/2025,604.1,608.3,91.6,-3,-6
RANEHOLDIN,06/02/2025,-97.7,-98.2,-91.7,35.4,48.2
RCOM,06/02/2025,-4.1,-4.1,-16.5,-1.2,-7.5
RECLTD,06/02/2025,1,0.9,22.5,4.3,18.4
RHL,06/02/2025,9.1,NA,NA,-3.3,4
ROSSTECH,06/02/2025,6600,7000,NA,48.2,NA
RUPA,06/02/2025,29,28.3,11.2,6.5,-0.7
SAHYADRI,06/02/2025,-61,-60.8,-76.9,23.3,-3.2
SAILIFE,06/02/2025,92,NA,NA,-34.9,NA
SAPPHIRE,06/02/2025,305,511.1,-77.7,8.7,13.7
SBIN,06/02/2025,-5.3,-4.7,69.5,3,10.4
SGIL,06/02/2025,41.7,42.4,100.5,9.2,10
SHIVAMILLS,06/02/2025,-116.2,-104.8,-75.3,-25.2,1.4
SHYAMTEL,06/02/2025,-2.5,10,-56.5,-100,-100
SOBHA,06/02/2025,-17,-17.1,23.8,31.1,78.7
SOMANYCERA,06/02/2025,-44.3,-45.7,-57.2,-3.2,5.3
SONATSOFTW,06/02/2025,-1.4,-1.6,338.2,31,14
SPIC,06/02/2025,9.3,8.6,11.2,7.7,61.5
SURYAROSNI,06/02/2025,148.9,147.3,-50.5,22.2,-3.6
TARC,06/02/2025,57.4,57.3,7.6,115.9,-0.3
TCIEXP,06/02/2025,-21.5,-21.5,-36.4,-4.9,-5
TDPOWERSYS,06/02/2025,8.8,8.7,44.7,14.3,44.4
TRENT,06/02/2025,48.2,46.8,32,12,34.3
UMANGDAIRY,06/02/2025,182.2,181.6,5.3,24.6,-19.6
UMESLTD,06/02/2025,400,500,-50,-40,-66.7
UNICHEMLAB,06/02/2025,89.4,89.4,-31.6,15.3,22.7
UNIPARTS,06/02/2025,-9.7,-9.8,-27,-13.7,-19.7
UNOMINDA,06/02/2025,-4.4,-5.2,17.4,-1.4,18.8
VAISHALI,06/02/2025,-28,-27.8,-93.6,34.2,-0.2
VHLTD,06/02/2025,-87.8,-80.6,212.5,16.8,-6.2
VIVIDHA,06/02/2025,22,NA,-111.1,-100,-100
WALCHANNAG,06/02/2025,-55.6,-55.3,22.2,-13,5.6
WEBELSOLAR,06/02/2025,-1.1,-1,174.2,2.6,24451.7
ZEELEARN,06/02/2025,5.5,8.3,-210,28.4,10.2
ZFCVINDIA,06/02/2025,14.2,14.2,25.2,5.4,7.8
ZUARI,06/02/2025,-13.4,-32.8,296.6,12.5,49.9
AARTIPHARM,05/02/2025,35.4,35.3,38.5,17.4,19.8
AGIIL,05/02/2025,9.1,-45.3,-36.5,17.8,25.4
AMJLAND,05/02/2025,-40.5,-40.9,175,38.3,-27.1
ARTEMISMED,05/02/2025,-7.9,-8.5,65.9,-3.3,7.9
ARVINDFASN,05/02/2025,3.2,-10.3,-48.6,-5.5,6.9
AVALON,05/02/2025,37,36.5,242.5,2.1,31
BECTORFOOD,05/02/2025,-11.3,-11.3,-5.5,-0.8,14.7
BLACKBUCK,05/02/2025,82.2,100,NA,15.4,NA
CCL,05/02/2025,-14.8,-15,-2.5,2.7,14.1
CMSINFO,05/02/2025,2.4,2.3,-8.6,-6.9,-0.2
CUMMINSIND,05/02/2025,14.1,14,12.6,23.8,21.8
DAMODARIND,05/02/2025,109.1,115.6,666.7,24.3,-16
DATAPATTNS,05/02/2025,47.3,47.2,-13.2,28.6,-16.2
DHRUV,05/02/2025,10.8,13,-38.9,-32.7,-3
ESTER,05/02/2025,716.4,725,149.8,4.3,29
EVEREADY,05/02/2025,-55.7,-55.9,44,-8,9.3
EXICOM,05/02/2025,-187.9,-189.3,-493.2,28.2,-24.7
GALLANTT,05/02/2025,132.4,130.9,114.1,18.6,5.2
GTLINFRA,05/02/2025,1.8,5.9,-128.6,0.6,0.3
GUJGASLTD,05/02/2025,-27.8,-27.8,-1.2,9.8,5.7
GVPTECH,05/02/2025,-1233.3,NA,-200,-40.5,-97.2
GVT&D,05/02/2025,-1.4,-1.6,175.7,-3.1,28
HGINFRA,05/02/2025,42.5,42.5,12.3,40.2,-7.3
IKS,05/02/2025,-37.8,-37.8,NA,-48.8,NA
INNOVACAP,05/02/2025,-2.4,-2.3,33.8,-0.6,4.6
JAGRAN,05/02/2025,50.5,46.2,-16.5,15.7,1.1
JOCIL,05/02/2025,-321,-329.5,14.7,-4.3,27.5
KANPRPLA,05/02/2025,408.2,380.6,204.5,6,30.7
KANSAINER,05/02/2025,452.8,450.3,323.1,-1.5,0.2
KAVVERITEL,05/02/2025,317,358.3,1322.2,431.1,776.2
KMSUGAR,05/02/2025,159.5,158.5,291.4,-2.8,45.4
MANALIPETC,05/02/2025,2191.3,3000,14.8,-14.8,-4.2
MATRIMONY,05/02/2025,-24.4,-24.3,-11.1,-3.5,-5
MEDIASSIST,05/02/2025,42.5,40.1,38.3,2.9,12
MEDICO,05/02/2025,67.9,68.4,23.1,0.3,32.3
MINDTECK,05/02/2025,4.2,4.2,-13.8,-3.9,8.5
NAUKRI,05/02/2025,240.2,945.8,59.3,3.1,15.2
NAVNETEDUL,05/02/2025,428,415,NA,3.9,9.1
NIBL,05/02/2025,24.1,24.4,7.9,2.8,-6.5
NILKAMAL,05/02/2025,-33.8,-33.9,-26.9,4,6.3
PAGEIND,05/02/2025,4.8,4.8,34.2,5.4,6.9
PILANIINVS,05/02/2025,-82.8,-82.8,-75.9,-50.4,-1.2
RAMANEWS,05/02/2025,-703.3,-716.4,-811.7,37.7,-6.8
RAMCOSYS,05/02/2025,-5.3,-4.6,62.8,9.9,22
REDINGTON,05/02/2025,42.4,36.2,15.1,7.3,13.7
RELTD,05/02/2025,84.7,50,0,240.2,220.3
RPOWER,05/02/2025,-98.5,-98.6,103.4,5.3,-4.8
RPPL,05/02/2025,-130.8,-131.7,-115.3,-17.7,12
RUCHINFRA,05/02/2025,-229.4,-150,-141.7,-10.6,-9.3
SAGILITY,05/02/2025,84.8,84,NA,9.7,NA
SHREERAMA,05/02/2025,-1.1,-4.9,69.6,0.1,21.5
SHREYANIND,05/02/2025,-0.1,0.3,-56.6,28,-1.8
SKIPPER,05/02/2025,5.7,5.6,92.2,2.3,41.6
SOLARINDS,05/02/2025,11.1,10.1,54.4,15,38.1
SULA,05/02/2025,93.3,93,-32.7,51.2,3.4
SWIGGY,05/02/2025,-27.8,94.3,NA,10.9,NA
SYMPHONY,05/02/2025,-117.8,-117.8,-124,-23.2,-2
TEGA,05/02/2025,647.2,647.7,49.8,15.8,20.3
THANGAMAYL,05/02/2025,376.6,343.7,50.9,-4.1,26.4
TIMKEN,05/02/2025,-17.4,-17.4,8.9,-10.8,9.7
TIPSFILMS,05/02/2025,30.4,30.6,-319.4,100,-92.9
TRIGYN,05/02/2025,207.5,207.7,105.6,-0.5,-32.6
UGARSUGAR,05/02/2025,107.5,107.5,NA,9.3,-27.2
VAKRANGEE,05/02/2025,67.7,-50,-90,4,31.4
VEEDOL,05/02/2025,7.8,7.9,10.7,1.3,-2.8
VIPULLTD,05/02/2025,213.4,225,-95.1,-28.4,-92.8
VLSFINANCE,05/02/2025,-214,-214,-166,-173,-151
VRLLOG,05/02/2025,65.7,65.2,314,3.2,12
WELCORP,05/02/2025,137.5,135.1,128.8,9.4,-23.9
ZYDUSLIFE,05/02/2025,11.5,12.1,28.7,0.6,17
AJMERA,04/02/2025,-8.7,-12,-0.3,-3.6,-6.8
APOLLO,04/02/2025,16.1,13.2,33.3,-7.7,62.4
AROGRANITE,04/02/2025,100,100,-100,5.2,-10
ASIANPAINT,04/02/2025,62.7,59.7,-23.6,6.5,-6.1
AUTOAXLES,04/02/2025,9.9,10,0.7,7.3,-2
AZAD,04/02/2025,13.4,13.8,38.2,8,34.9
BAJAJELEC,04/02/2025,158.2,155.8,-13.7,15.3,5
BASF,04/02/2025,-19.1,-19.1,-26.2,-11.5,13
BBL,04/02/2025,115.8,116.2,36.3,30.4,21.2
BIRLACORPN,04/02/2025,223.9,224.2,-71.6,15.6,-2.4
CEIGALL,04/02/2025,8,8.8,NA,7.6,NA
CLEDUCATE,04/02/2025,-191.2,-175.4,-176.6,-28.5,6.1
CREATIVE,04/02/2025,29,28.9,46.2,60.2,29
DBOL,04/02/2025,70.6,70.7,-32.1,-0.4,65.8
DCMNVL,04/02/2025,-137.4,-122.4,27.6,2.4,-0.3
DHANBANK,04/02/2025,-23.2,-23.1,150,1.7,8.7
ERIS,04/02/2025,-9.8,-8.9,-19.3,-1.9,49.6
ESSARSHPNG,04/02/2025,-93.8,-93.8,193.2,-97.9,15.8
EVERESTIND,04/02/2025,-33.2,-32.8,-1759.3,-1.5,5.5
FINEORG,04/02/2025,-21.3,-21.3,-5.8,-12.4,22.5
FOODSIN,04/02/2025,-92.9,-92.9,-85.3,12.3,26.4
GANDHAR,04/02/2025,12.3,6.5,-59.5,7.5,-8.8
GEECEE,04/02/2025,55.3,55.5,107.3,100.8,326.6
GODREJPROP,04/02/2025,-52.6,-55.3,131.8,-11.4,193.1
GPTINFRA,04/02/2025,41.5,21.4,-35.1,-3.3,9.6
GTL,04/02/2025,-545.4,-543.3,-931.2,-27,17.3
HAPPSTMNDS,04/02/2025,30.9,31.1,-38.2,41.7,43.2
HIKAL,04/02/2025,-6.2,-6.1,1.5,-1.2,0
HINDOILEXP,04/02/2025,298.9,295.2,-9.4,54.5,-18.2
HTMEDIA,04/02/2025,48.7,18.8,46.9,15.6,10.6
IITL,04/02/2025,-160.8,-155.2,-114.6,-128.9,-155.9
INDIAGLYCO,04/02/2025,14.2,14.3,35.8,1.5,7.8
INFIBEAM,04/02/2025,35.5,29.4,-4.3,5.3,17.4
INTERARCH,04/02/2025,36.3,36.4,NA,12.5,NA
JBCHEPHARM,04/02/2025,-6.9,-7,20.3,-3.7,14.1
JGCHEM,04/02/2025,3.7,2.6,NA,-1.4,29.5
JKIL,04/02/2025,10.6,10.6,20,15,22
JKTYRE,04/02/2025,-62.4,-61.9,-78,1.4,-0.4
JSWHL,04/02/2025,-83.8,-83.8,-44.2,-82,6.8
KAJARIACER,04/02/2025,-7.7,-7.8,-26.5,-1.3,1
KREBSBIO,04/02/2025,-35.1,-35,-61.7,-10.9,-12.1
LEMONTREE,04/02/2025,127.6,107.9,54.9,24.9,23
LYKALABS,04/02/2025,27.8,28.8,26.7,-18,3.6
MAANALU,04/02/2025,-41,-41.7,-61.1,-11.4,-14.5
MANGCHEFER,04/02/2025,117.5,117,70.4,24.6,51
MARALOVER,04/02/2025,-52.6,-51.2,-805.6,-7.6,10
MEDANTA,04/02/2025,9.2,9,13.9,-1.4,12.8
METROPOLIS,04/02/2025,-32.7,-32.6,13.3,-7.7,10.8
MFSL,04/02/2025,-49.9,-50.3,-63,-33.3,-27.8
MIDHANI,04/02/2025,7.1,6.3,87.5,-9.2,-5.6
MUTHOOTCAP,04/02/2025,-21.5,-21.4,24,15.6,30.9
NILASPACES,04/02/2025,0.5,11.1,-73,3.3,-43.5
NIVABUPA,04/02/2025,1.4,NA,NA,-4.8,NA
ONMOBILE,04/02/2025,56.8,56.4,-200,26.8,36.9
PAISALO,04/02/2025,25,25,0,8.9,11.6
PARASPETRO,04/02/2025,2.9,-50,-88.9,-100,-100
PCJEWELLER,04/02/2025,-17.3,-30.8,106.5,26.6,1493.4
QUICKHEAL,04/02/2025,-97.4,-97.4,-99,-4,-13.9
RTNINDIA,04/02/2025,29.4,29.7,-186.6,6.7,16.2
SAFARI,04/02/2025,4.9,4.9,-30.1,-3.3,14
SBGLP,04/02/2025,-29.6,0,-97.7,40.1,-80.6
SCILAL,04/02/2025,-21.3,-24.1,-45,48,24
SHARDAMOTR,04/02/2025,-5.4,-5.4,-0.7,-3,0.1
SMLT,04/02/2025,45.2,45.9,-32.6,-3.8,-41.6
SOUTHWEST,04/02/2025,894.3,941.7,-10.1,73.6,12.6
SRPL,04/02/2025,59.7,59.3,NA,-100,-100
STERTOOLS,04/02/2025,-22.3,-22.1,-2.1,-8.1,12.4
TATAPOWER,04/02/2025,8.6,11,5.9,-2,5.1
THERMAX,04/02/2025,-42.6,-41.2,-51.5,-4,7.9
TI,04/02/2025,-7.5,-7.6,19.2,-9.2,-9.6
TITAN,04/02/2025,48.7,48.7,-1.3,22.1,25.2
TNPETRO,04/02/2025,146.8,150,124.1,2.4,33
TORNTPOWER,04/02/2025,-1.3,-5.8,24.5,-9.4,2.1
TRIVENI,04/02/2025,290.3,352.9,-65.3,-14.9,-3.3
VENUSREM,04/02/2025,455.2,457.4,183.6,5.6,23.3
VMART,04/02/2025,226.8,226.7,151.9,55.3,15.5
WHIRLPOOL,04/02/2025,-16.9,-15.6,53.1,-0.5,22
ZYDUSWELL,04/02/2025,-69.4,-69.3,676.9,-6.3,14.5
ABCAPITAL,03/02/2025,-29,-29.2,-6.5,-9.1,6.6
APLLTD,03/02/2025,-10.1,-9.9,-23.7,2.7,3.8
ARIHANTSUP,03/02/2025,59.3,58.9,60.1,34.8,26.4
ASPINWALL,03/02/2025,26.5,27.7,79.4,21.2,4.2
BANARISUG,03/02/2025,-16.1,-15.9,-57.7,-11,-45.1
BARBEQUE,03/02/2025,171.2,162.7,-3.3,7.6,-0.6
BHAGYANGR,03/02/2025,6.7,6.8,33,-3.3,17.7
BHARATWIRE,03/02/2025,-21.2,-21.7,-44.8,6.3,2.9
BOMDYEING,03/02/2025,-82.2,-82.2,-97.7,9,12.3
CASTROLIND,03/02/2025,30.8,29.9,8.3,5.1,7.1
CINELINE,03/02/2025,379.8,388.9,144.4,13.3,-8.1
DHANUKA,03/02/2025,-53.2,-53.2,20.7,-32,10.4
DIVISLAB,03/02/2025,15.5,15.5,63.5,-0.8,25
DOMS,03/02/2025,1,-1.2,34.6,9.5,34.8
GATEWAY,03/02/2025,546.5,546.1,611.7,4.9,5
GHCLTEXTIL,03/02/2025,-54.6,-54.8,84.9,-6.5,16.6
GICRE,03/02/2025,-9.7,-9.6,9.6,-10,2.4
GLAND,03/02/2025,25.1,25.1,5.7,-1.6,-10.4
HFCL,03/02/2025,-1.1,-1.9,-22.7,-7.5,-2
HMVL,03/02/2025,29.5,29.6,4920,14.8,7.9
INDRAMEDCO,03/02/2025,-22.7,-22.8,9.1,-7.1,6
IRISDOREME,03/02/2025,-39.1,-39.6,-3.3,-19.2,41.7
JAIPURKURT,03/02/2025,-52.2,-52.5,-13.6,-27.1,32.3
JYOTISTRUC,03/02/2025,62.1,12.5,28.6,27.7,145.8
KABRAEXTRU,03/02/2025,-48.2,-48.2,83.5,-5.4,-2.2
KAMATHOTEL,03/02/2025,213.2,212.7,-47.6,29.8,28.6
KSL,03/02/2025,-17.1,-17.1,-15.7,-1.6,0.9
LINC,03/02/2025,0.3,0,-71.1,-12.4,-2
MANINFRA,03/02/2025,77.7,84.3,-4.3,5.2,0.2
MMFL,03/02/2025,-11.9,-11.8,-58.6,-6.5,-6.2
NAHARCAP,03/02/2025,-54.8,-54.7,38900,-68.5,15.6
NAHARPOLY,03/02/2025,-56.9,-56.9,250.2,2.6,12.5
NAHARSPING,03/02/2025,104.4,104.3,105.1,4.7,7.2
NILAINFRA,03/02/2025,-6.8,-14.3,-25,31.4,52.2
NLCINDIA,03/02/2025,-29.2,-26.9,155,20.6,39.4
OAL,03/02/2025,-56.2,-56.4,152.4,-6,12.7
PARADEEP,03/02/2025,-30.2,-30.4,36.4,6.8,58.2
POLYMED,03/02/2025,-2.6,-2.7,22.6,1,24.9
POWERGRID,03/02/2025,1.8,1.5,-5.5,-0.4,-2.7
PREMIERENE,03/02/2025,23.9,23.9,NA,12.2,NA
PYRAMID,03/02/2025,18.3,19.4,1.1,15.1,19.4
RELIGARE,03/02/2025,-192.4,-183.9,-291.2,-14.7,10.2
SADHNANIQ,03/02/2025,789.7,300,-33.3,-13.5,-16
SAKSOFT,03/02/2025,3.2,3,-8.5,5.3,17.6
SHALBY,03/02/2025,-224.1,-154.8,-109.2,3,27.5
SHANKARA,03/02/2025,16.1,16.2,-18,8.1,22.1
SHRIPISTON,03/02/2025,-3.9,-3.9,11.4,-3.3,10.7
SKYGOLD,03/02/2025,-0.6,-7.4,-64,29.8,116.7
SNOWMAN,03/02/2025,-192.4,-180,-112.1,-8.1,6.2
STOVEKRAFT,03/02/2025,-27.5,-27.5,73.9,-3.4,11.7
SUNDARMFIN,03/02/2025,4.4,4.4,6.4,5.1,20.3
SURAJLTD,03/02/2025,5.1,5.4,-1.3,12.3,-31.7
SURANAT&P,03/02/2025,-74.2,-62.5,-53.8,24.4,-37.1
TAINWALCHM,03/02/2025,-95.4,-95.4,-56.4,-8.6,2.5
TAJGVK,03/02/2025,72.1,72.5,37.8,20.7,14.2
TATACHEM,03/02/2025,-107.9,-127.3,-133,-10.2,-3.8
THOMASCOOK,03/02/2025,-34.3,-24.5,-42.9,2.9,8.9
TIINDIA,03/02/2025,-6.4,-6.4,-63.7,-2.3,14.7
VPRPL,03/02/2025,-83.8,-83.8,-78.6,-28.1,-0.5
WELENT,03/02/2025,25.1,22,-1.3,9.9,22.6
AARTIIND,01/02/2025,-11.6,-11.8,-63.5,13,6.2
ANANTRAJ,01/02/2025,4.4,4.2,41.7,4.2,36.3
APEX,01/02/2025,86.6,86.5,-106.8,15.6,55.7
BHAGERIA,01/02/2025,92,91,49.5,32.6,53.2
GANECOS,01/02/2025,9.6,9.4,98.6,2.8,39.6
GRINFRA,01/02/2025,35.6,35.4,7.4,21.5,-20.6
JPPOWER,01/02/2025,-30.7,-35.7,-47.1,-7,-47.9
LAMBODHARA,01/02/2025,-52.5,-52.3,62.2,-0.2,19.7
NEOGEN,01/02/2025,-8.8,-8.7,689.6,4.2,22.4
VINATIORGA,01/02/2025,-10,-10,22,-5.7,16.4
WINDMACHIN,01/02/2025,213.7,260.5,2277.8,81.2,23.6
ADSL,31/01/2025,52.5,50.7,43.8,8.6,28.9
ANUP,31/01/2025,-2.9,-3.3,52.2,-9.1,33
APTUS,31/01/2025,4.7,4.7,17.2,6.8,28
ASTERDM,31/01/2025,-39.1,-41.2,-68.9,-3.4,10
AXISCADES,31/01/2025,20.1,19.5,73.6,3.7,18.2
BANDHANBNK,31/01/2025,-54.5,-54.5,-42.9,-0.4,17.4
CHOLAFIN,31/01/2025,12.4,12.2,23.6,7.6,34.5
CUB,31/01/2025,0.3,0,10,3.1,11.5
DHANI,31/01/2025,24,-69.2,105.6,-7.5,8.9
DSSL,31/01/2025,0.2,0.2,39,0.8,36.2
ELECTCAST,31/01/2025,3.2,2.8,-42.6,-2.8,-5
EPACK,31/01/2025,129.7,129.9,-61.8,-0.1,35
EQUITASBNK,31/01/2025,413.2,427.3,-68.8,3.7,12.8
FIVESTAR,31/01/2025,2.2,1.9,24.4,3.6,28.2
FLAIR,31/01/2025,-15.8,-15.8,20.8,-5.3,6.4
GATECH,31/01/2025,265,100,-77.8,0.9,117
GATECHDVR,31/01/2025,NA,NA,NA,NA,NA
GHCL,31/01/2025,8.7,8.8,67.5,-1.8,-2.5
GMDCLTD,31/01/2025,15.5,15.1,23.4,10.2,15.8
GODREJAGRO,31/01/2025,14.6,-0.7,20.1,0,4.4
HEXATRADEX,31/01/2025,157.5,157.5,-11.9,-100,-100
HIRECT,31/01/2025,-2.1,-2,520.2,1.9,23.6
HYBRIDFIN,31/01/2025,-71.4,-71.1,-42.1,-30.1,14.3
INDUSINDBK,31/01/2025,5.7,5.7,-39.2,0.9,10.6
INOXGREEN,31/01/2025,-14.6,-38.9,175,10.7,1.8
INOXWIND,31/01/2025,23.7,23.6,709.1,24.4,81
IRB,31/01/2025,5931.5,5444.4,2395,27.7,2.9
IRIS,31/01/2025,-8.9,-8.8,84.4,6.3,19.9
IWEL,31/01/2025,47.3,51.1,600.9,24.4,80.9
JUBLPHARMA,31/01/2025,-1.8,-2,48.9,4,8.6
JYOTHYLAB,31/01/2025,-16.8,-16.8,-6.7,-4,4
KRONOX,31/01/2025,0.3,1.1,NA,-3.5,15.5
KTKBANK,31/01/2025,-15.6,-15.7,-22.1,0.4,6.2
LGBBROSLTD,31/01/2025,-3,-2.9,1.9,2.4,12.7
LICHSGFIN,31/01/2025,8.1,8,22.6,1.9,3.9
MAHLIFE,31/01/2025,-60.7,-61.1,-143.8,2092.4,103.8
MARICO,31/01/2025,-6.2,-6.1,2,4.9,15.4
MAYURUNIQ,31/01/2025,-28,-28.1,1,-9.9,11.6
MHRIL,31/01/2025,208,149.3,160.6,1.1,6.9
MUFTI,31/01/2025,-30.9,-31.1,13.8,-16.2,3.5
NECCLTD,31/01/2025,-32.6,-33.3,-44.4,-1.1,-5.4
NECLIFE,31/01/2025,39.5,34.6,133.3,6.3,0.6
NESTLEIND,31/01/2025,-29.4,-29.5,4.8,-6.4,3.9
NRL,31/01/2025,-36.4,-34.3,119,-33,-54.1
NUVAMA,31/01/2025,-2.2,-2.6,40.1,-1.9,22.7
ONGC,31/01/2025,-1,-16.3,-17.8,4.9,0.3
PANAMAPET,31/01/2025,9.9,10,16.2,4.2,42.2
PDMJEPAPER,31/01/2025,-34.3,-34.4,-39.9,-12.9,-5
PFIZER,31/01/2025,-19.4,-19.4,-2,-8.6,-0.4
PNB,31/01/2025,1.5,1.7,84.1,4.8,14.5
POONAWALLA,31/01/2025,104,104,-93.2,6.9,38.6
RACLGEAR,31/01/2025,16.6,17.1,-36.3,3.1,-3.4
RELAXO,31/01/2025,-10.2,-10.1,-18.9,-1.8,-6.4
SABEVENTS,31/01/2025,217.6,190.5,154.3,-26.7,10
SATINDLTD,31/01/2025,-2.5,-5.3,11.7,14.1,33
SFL,31/01/2025,98.8,92.2,-40.5,19,10
SILVERTUC,31/01/2025,19,19.6,4.5,-0.6,39.3
SINCLAIR,31/01/2025,-50.4,-50,-80.7,77.7,1.9
SPECIALITY,31/01/2025,255.9,263.5,-34.6,21.9,9
SRGHFL,31/01/2025,-13.6,-13.4,-3.8,7.8,22.4
SUMMITSEC,31/01/2025,-106.5,-106.5,-133,-99.1,-94.4
SUNCLAY,31/01/2025,18.5,NA,NA,-5.9,-6.2
SUNPHARMA,31/01/2025,-4.1,-4.6,14,2.9,10.5
TEXINFRA,31/01/2025,-525.2,-523.8,-841.7,-17.3,0
TEXRAIL,31/01/2025,3,5.5,128.6,-1.5,47.9
TRITURBINE,31/01/2025,1.7,1.7,29.9,0.5,16.6
UNIECOM,31/01/2025,47.9,44.4,NA,0.4,NA
UPL,31/01/2025,245.8,287.2,160.7,-1.7,10.3
VADILALIND,31/01/2025,-69.4,-69.4,28.1,-31,16.9
VMM,31/01/2025,3.4,1.8,NA,-37.7,NA
XCHANGING,31/01/2025,46.9,46.1,620,2.6,7.3
AARVEEDEN,30/01/2025,-183.6,-183.9,-8.4,-61.7,-76.8
AAVAS,30/01/2025,-1,-1.1,24.7,3,17.5
ADANIENT,30/01/2025,-88.5,-96.7,-97,1.1,-8.8
ADANIPORTS,30/01/2025,4.4,3,13.4,12.7,15.1
AJANTPHARM,30/01/2025,7.6,7.6,11.3,-3.4,3.7
ALANKIT,30/01/2025,40.9,46.2,-57.8,13,38.2
ALKALI,30/01/2025,-163.6,-160.2,-1225.6,9.1,-9.3
ASAHISONG,30/01/2025,-30.7,-19.6,437.2,-5.6,30.8
ASTRAL,30/01/2025,3.6,3.7,-1.4,1.9,1.9
ATAM,30/01/2025,-6,-5.5,45.3,2.5,41.5
AVL,30/01/2025,97.6,95.8,-1.6,35.3,23.1
BAJAJFINSV,30/01/2025,5.5,6.9,2.8,-4.9,10.3
BAJAJHLDNG,30/01/2025,15.9,21.7,6.2,-54.7,16.9
BANARBEADS,30/01/2025,-64.5,-64.1,-1.3,-50.5,48.3
BANKBARODA,30/01/2025,-2.9,-2.7,8,2.1,8.4
BEL,30/01/2025,20,19.3,42.1,25.3,38.6
BIOCON,30/01/2025,198.9,275,-96.2,6.4,-3.3
CARERATING,30/01/2025,-39.5,-39.8,16.7,-17.9,22.4
CHEMFAB,30/01/2025,483.7,466.7,-77.2,2.1,-3.2
CLEAN,30/01/2025,11.7,11.6,3.2,1.1,23.6
CONCOR,30/01/2025,0.3,0.3,9.1,-3.5,-0.1
COROMANDEL,30/01/2025,-22.9,-23,119.3,-6.7,26.9
DABUR,30/01/2025,23.5,22.4,-1.7,10.8,3.1
DEEPINDS,30/01/2025,14.5,13.3,56.9,18.5,47.8
DENORA,30/01/2025,-336,-337.6,-219.6,-3.3,-40.5
DODLA,30/01/2025,0.2,0.2,50.1,-9.7,20.7
EMKAY,30/01/2025,-66.9,-67.1,-31.9,-29.2,1.6
GAIL,30/01/2025,51.8,51.1,26.2,8.7,6.2
GEOJITFSL,30/01/2025,-35.5,-35.8,-20.4,-21.4,12.7
GOACARBON,30/01/2025,17.3,17.7,-124,8.7,-52.5
GREENLAM,30/01/2025,-63.6,-63.2,-51.7,-11.6,6.9
GULPOLY,30/01/2025,413.6,419,36.3,38.4,64.3
HEIDELBERG,30/01/2025,-53.8,-53.1,-84.2,17.6,-10.6
HESTERBIO,30/01/2025,35.3,42.1,187.4,-24.5,-5.7
INDGN,30/01/2025,19.6,19.3,NA,4.9,7
IVP,30/01/2025,-12.9,-12.4,4,6,5.7
JAYBARMARU,30/01/2025,27.1,24.1,-48.6,6.3,7.9
JINDALSTEL,30/01/2025,10.5,10.4,-50.9,4.8,0.4
JISLDVREQS,30/01/2025,NA,NA,NA,NA,NA
JISLJALEQS,30/01/2025,90.7,106.7,-95.7,14.2,0.2
JITFINFRA,30/01/2025,-96.1,-109.9,-157.6,10.6,-36.9
JTEKTINDIA,30/01/2025,-16.7,-17.9,-40.2,-2.2,7.2
KALYANKJIL,30/01/2025,67.7,66.9,15.8,20.1,39.5
LALPATHLAB,30/01/2025,-25,-25.2,17.8,-9.6,10.7
LT,30/01/2025,-3,-1.1,13.4,5.1,17.3
MALLCOM,30/01/2025,-10.9,-10.6,31.3,-8.8,23.1
MANYAVAR,30/01/2025,136,136.4,-0.6,90.8,7.7
MAXHEALTH,30/01/2025,-15.3,-15.5,-19.9,9.4,39.9
MIRZAINT,30/01/2025,-196,-195.3,-200,-43.2,-19.3
NAVINFLUOR,30/01/2025,42,42,6.7,16.9,21.2
NELCAST,30/01/2025,-39.4,-39.5,-77,-11.8,-9.1
NESCO,30/01/2025,2.8,2.8,16.8,7.5,16.1
NKIND,30/01/2025,-2.4,5.3,-176.9,-54.1,-14.2
PARAGMILK,30/01/2025,23.4,22.8,0.7,1.5,10.5
PHOENIXLTD,30/01/2025,20.7,21.3,-52.9,6.2,-1.1
POKARNA,30/01/2025,12.5,12.5,135.5,-11,35.8
POLICYBZR,30/01/2025,40.2,39.3,69.6,10.7,48.3
PRAJIND,30/01/2025,-23.7,-23.8,-42.6,4.5,2.9
PRESTIGE,30/01/2025,-86.3,-90.8,-86.2,-28.2,-7.9
PRICOLLTD,30/01/2025,-8.1,-8.4,18.9,-5.2,10.7
RAJMET,30/01/2025,107.6,100,-100,-16.2,-21.8
RAYMONDLSL,30/01/2025,26.2,26.4,NA,-21.6,NA
RML,30/01/2025,67.2,66.7,-102.5,-1.4,0.1
SARLAPOLY,30/01/2025,-28.9,-28.6,51.4,-10.4,6
SHANTIGEAR,30/01/2025,2.5,2.4,47.2,1.5,25.4
SHREECEM,30/01/2025,152.7,152.9,-73.7,12.8,-12.5
SHYAMCENT,30/01/2025,102.6,100,-100,2.8,2.5
SICALLOG,30/01/2025,22.6,29.7,-140.1,1.8,9.5
SILLYMONKS,30/01/2025,0,57.1,37.5,-79.6,-77
SJS,30/01/2025,-0.2,-1.6,63,69.1,11.1
SONAMLTD,30/01/2025,53.6,55.9,-49,3.1,7.8
STAR,30/01/2025,-3.9,-5.9,74.7,-4,11.2
STARCEMENT,30/01/2025,58.5,57.1,-88.4,12,10.3
STEELCITY,30/01/2025,-6.2,-5.9,64.6,-12.2,19.1
STYRENIX,30/01/2025,-32,-32,36.1,5.7,42.5
SUBROS,30/01/2025,-9.7,-9.5,20.5,-0.9,12.1
TATACONSUM,30/01/2025,-23.2,-23.6,-9,5.4,16.8
TREL,30/01/2025,32.2,33.3,5.9,16.7,-8.7
TRF,30/01/2025,86,86.9,767.8,-28.8,-19.2
TVVISION,30/01/2025,-26,-26.8,23.1,-23,-22.4
UFO,30/01/2025,1877.9,1895.5,211,43.5,17.3
VINCOFE,30/01/2025,65,62.9,140.5,23.1,133.7
VOLTAMP,30/01/2025,-3.1,-3.1,-22.5,21.6,18.3
WAAREEENER,30/01/2025,34.9,24.8,NA,-3.3,NA
WELSPUNLIV,30/01/2025,-39.3,-40.4,-34,-13.3,3.3
3IINFOLTD,29/01/2025,1053.1,1056,237.4,2.1,-14.5
AARTIDRUGS,29/01/2025,26.7,26.2,2.7,-5.3,-4.4
ABDL,29/01/2025,21.6,20.8,1261.1,12.2,8.8
ACMESOLAR,29/01/2025,631,516.7,NA,34.4,NA
ADANIPOWER,29/01/2025,-10.8,-8.2,10.3,2.5,5.2
AMBUJACEM,29/01/2025,454,361.8,103.6,24.1,14.8
ARCHIDPLY,29/01/2025,40.7,41.3,-211.4,15.8,43.8
ARVSMART,29/01/2025,17.7,17.4,382.9,-20.9,149.1
ASAHIINDIA,29/01/2025,10.5,10.4,60.7,-2.9,7.7
ASKAUTOLTD,29/01/2025,-2.1,-2.3,28.5,-6,20.1
BAJFINANCE,29/01/2025,7.3,6.1,16.4,5.5,27.3
BANSALWIRE,29/01/2025,7,6,NA,32.6,NA
BANSWRAS,29/01/2025,100,100,21.3,-1.1,12.1
BLUEDART,29/01/2025,28.8,28.9,-9.1,4.4,9.3
BLUEJET,29/01/2025,69.6,69.4,197.4,52.8,90.9
BLUESTARCO,29/01/2025,37.9,37.5,29.5,23.3,25.3
BRIGADE,29/01/2025,104.6,98.6,198.5,36.5,24.7
CAMS,29/01/2025,2.2,2.1,36.4,1.6,19.9
CAPITALSFB,29/01/2025,2.1,1.6,-8.5,5.1,15.1
CARTRADE,29/01/2025,47.9,53,276.7,14.3,27.1
CHALET,29/01/2025,169.7,169.7,26.3,21.4,22.5
CHOICEIN,29/01/2025,-33.9,-36.6,-25.8,-15.4,1
CRAFTSMAN,29/01/2025,-79.1,-79,-84.4,29.8,39.5
DATAMATICS,29/01/2025,76.6,74.9,77.2,4.6,15.2
DEEPAKFERT,29/01/2025,18.2,19.4,330.8,-6.1,39.2
ECLERX,29/01/2025,-1.7,-2.3,-1.4,2.6,13.4
FILATEX,29/01/2025,251.9,256.7,23,1.9,-1.3
FINOPB,29/01/2025,9.2,9.4,-0.7,3.3,25.8
FLUOROCHEM,29/01/2025,4.1,4,55.8,-3.4,15.7
GABRIEL,29/01/2025,2.4,2.5,23.3,0,13.6
GMRP&UI,29/01/2025,-143.4,-141.6,-279.5,16.4,46.1
HEUBACHIND,29/01/2025,-6.7,-6.5,163.6,-2.5,20.9
HINDCON,29/01/2025,121,125,-3.6,17.6,13.1
HINDMOTORS,29/01/2025,-31.7,-33.3,-72.9,-28,-58.7
IFBAGRO,29/01/2025,473.3,473.7,342,10.6,20.6
IMFA,29/01/2025,-25.4,-25.4,-14.4,-7,-6.1
INDIANB,29/01/2025,3.9,3.9,31.5,2.6,11
JBMA,29/01/2025,7.2,-46.8,-46.9,8.6,3.7
JKPAPER,29/01/2025,-49.3,-49.1,-72.4,-3,-4.4
JSL,29/01/2025,7.4,7,-6.3,1.3,8.5
JWL,29/01/2025,10.4,10.5,10.5,2.7,11.6
KPITTECH,29/01/2025,-8.2,-8.2,18.4,0.4,17.6
MARUTI,29/01/2025,20.1,20.1,16.1,3.5,15.7
MASFIN,29/01/2025,3.5,3.5,10.3,6.6,22.3
OILCOUNTUB,29/01/2025,112.5,112.5,110.4,84,578.9
OLECTRA,29/01/2025,-2.2,-2.6,66.4,-1.6,50.6
ONESOURCE,29/01/2025,-43.4,NA,NA,-37.3,NA
ORIENTELEC,29/01/2025,159.8,159.2,3.3,23.7,8.6
POWERINDIA,29/01/2025,162.6,162.6,489.3,4.3,27.2
QUESS,29/01/2025,-9.1,-12,25.8,6.6,14
RADICO,29/01/2025,16.7,16.8,27.6,15.9,11.5
RAMRAT,29/01/2025,9,-2.4,39.2,-5.4,27.2
RANEENGINE,29/01/2025,-253.8,-254.7,-350,-11,-3.8
RAYMOND,29/01/2025,22.4,20.2,-60.8,-8.7,-60
RBA,29/01/2025,16.4,16.5,-57.8,1,5.8
SAH,29/01/2025,-100,-100,-100,3.1,27.4
SAMHI,29/01/2025,80.4,79.3,131.1,11.4,10.4
SMCGLOBAL,29/01/2025,-3.9,-3.7,-15.4,1,6.4
SRF,29/01/2025,34.6,34.6,6.2,2,14.4
STARTECK,29/01/2025,-16.3,-16.3,10.8,-9.3,2.5
SUNDARMHLD,29/01/2025,18.9,19,1.9,9.1,28.3
TATAMOTORS,29/01/2025,61.7,62.9,-30.1,12,2.7
TECHIN,29/01/2025,-200,-33.3,-180,-100,-100
TMB,29/01/2025,-1,-1,5.2,-0.5,8.3
USHAMART,29/01/2025,-15.6,-15.6,-15.3,-3.4,8
VAIBHAVGBL,29/01/2025,129.5,128.6,30.2,22.7,10
VOLTAS,29/01/2025,-1.6,-1.7,575,18.6,18.3
VSSL,29/01/2025,-17,-17.3,-5.1,-13.8,7.4
WEL,29/01/2025,825.5,660,72.7,70.9,68.8
WELINV,29/01/2025,-98.1,-98.1,0,-96.1,-20.8
WESTLIFE,29/01/2025,1652.5,2150,-61.2,5.8,8.9
AMIORG,28/01/2025,20.9,20.3,141.9,11.4,65.1
APARINDS,28/01/2025,-9.6,-9.6,-19.7,1.5,17.7
APCOTEXIND,28/01/2025,5.5,5.2,0.5,1.2,38.2
ARVIND,28/01/2025,69.2,72.5,11,-4.5,10.6
BAJAJ-AUTO,28/01/2025,58.5,58.4,9.5,-0.6,8.2
BHEL,28/01/2025,26.8,25.8,129.4,10.5,32.2
BLISSGVS,28/01/2025,0.3,-2.2,-14.4,-3.4,4.8
BOSCHLTD,28/01/2025,-14.5,-14.5,-11.6,1.6,6.2
CCCL,28/01/2025,-125.6,-124.1,98.2,-7.9,19.3
CGPOWER,28/01/2025,8.3,7.5,-68.3,4.3,27.1
CIPLA,28/01/2025,20.7,20.5,48,0.3,7.1
COLPAL,28/01/2025,-18.3,-18.3,-2.7,-9.7,4.7
CSBBANK,28/01/2025,9.5,9.4,0,6.3,20.7
DYCL,28/01/2025,13.9,14,86.8,7.4,30.7
EMUDHRA,28/01/2025,0.3,-4.5,-4.9,-1.7,42.5
EXIDEIND,28/01/2025,-32.1,-32.6,-22,-9.7,0.9
GESHIP,28/01/2025,3.1,3.1,10.1,-8.7,-0.7
GLOBAL,28/01/2025,-42.2,-42,-67.9,-28.8,-4.1
GMRAIRPORT,28/01/2025,147.1,186.2,147.2,6.3,19.2
HINDZINC,28/01/2025,15.2,15.1,27.2,3.8,17
HOMEFIRST,28/01/2025,5.5,5,20.8,8.9,37
HYUNDAI,28/01/2025,-15.6,-15.6,NA,-3.5,-1.3
IDEAFORGE,28/01/2025,-71.4,-74.3,-261.2,-52.7,-80.7
IFBIND,28/01/2025,0,-1,78,4.2,9.4
IMPAL,28/01/2025,-28.6,-27.9,8.6,11.6,16.4
INFOBEAN,28/01/2025,-44.5,-44.3,22.9,-2,8
IOC,28/01/2025,578.5,1463.6,-76.8,10.9,-2.9
IXIGO,28/01/2025,18.4,14.3,-50.6,17.1,41.7
JMFINANCIL,28/01/2025,43.8,-9.9,-24.7,-7.1,-10.5
JSWENERGY,28/01/2025,-82,-80.4,-31.9,-24.7,-4.1
JSWINFRA,28/01/2025,-10.2,-11.8,21.7,18,25.7
JTLIND,28/01/2025,-5.3,-7.1,-64.9,-5.9,-20.4
JUBLINGREA,28/01/2025,17.5,17.8,73,1.1,9.3
KALAMANDIR,28/01/2025,93.4,92.3,37,29.1,17.3
KAYA,28/01/2025,123.5,123.5,141,10.6,6.8
KIRLPNU,28/01/2025,-46.7,-46.7,1.5,-21.1,10.2
LLOYDSME,28/01/2025,29.2,28.7,11.9,22.8,-12.3
M&MFIN,28/01/2025,135.3,135.9,47.4,7.4,17
MAPMYINDIA,28/01/2025,6.4,6.6,-1.5,10.5,24.3
MGL,28/01/2025,-20.3,-20.3,-29.1,2.7,12
MOTILALOFS,28/01/2025,-49.5,-49.7,-15.2,-29.6,12
NDL,28/01/2025,-25.5,-28.6,-91.9,8.9,100.4
NUCLEUS,28/01/2025,5.7,5.7,-15.6,1.7,0.7
OSWALAGRO,28/01/2025,2094,1943.8,32800,NA,NA
OSWALGREEN,28/01/2025,-86.6,-86.7,200,2.2,56
PDSL,28/01/2025,-54.5,-65.6,58.6,-5.5,21.1
PFS,28/01/2025,41.8,41.9,20.7,-3.3,-22.7
PNBGILTS,28/01/2025,-108.8,-108.8,30.9,-27.6,-5.9
PPLPHARMA,28/01/2025,-83.7,-83.3,-62.5,-1.7,12.5
PUNJABCHEM,28/01/2025,-51.1,-51,-46.3,-11.7,-0.2
RADIOCITY,28/01/2025,283.7,266.7,42.9,19.2,8
RATNAVEER,28/01/2025,-8.1,-7.8,7,10.7,31.7
RBL,28/01/2025,-14.6,-14.5,-7,6.7,12.7
RITES,28/01/2025,32.5,36.8,-59,6.4,-15.7
ROUTE,28/01/2025,-20.2,-18.6,-22.7,6.3,15.6
RRKABEL,28/01/2025,36.9,36.7,-5,-1.5,9.1
RUSHIL,28/01/2025,-0.9,-2.3,-90.3,-8,-1.3
SBICARD,28/01/2025,-5.2,-5.2,-31.3,4.5,-0.1
SHAREINDIA,28/01/2025,-33.9,-33.9,-89.3,-24.4,-8.5
SHYAMMETL,28/01/2025,-8.5,-8.3,39.4,3.3,13.2
SIS,28/01/2025,48.4,48.4,173.4,2.9,9.4
STARHEALTH,28/01/2025,93.3,92.6,-27.4,2.2,15.9
STEELCAS,28/01/2025,44.2,44.2,9.3,34.1,12.6
STYLEBAAZA,28/01/2025,443.3,442.9,-25.7,32.4,23.6
SUPERSPIN,28/01/2025,210,200,112.5,-2.5,3.3
SUZLON,28/01/2025,93.3,81.2,31.8,41.4,90.6
SYRMA,28/01/2025,33.5,34.8,216.1,4.4,23
TATVA,28/01/2025,122.6,122.2,-96.1,2.9,1.9
TFCILTD,28/01/2025,-11.6,-11.6,-22.3,-11.4,-15
TIRUMALCHM,28/01/2025,-954.1,-954.2,-88.9,-15,-9.2
TTKPRESTIG,28/01/2025,9.7,10.8,-8.1,-3,-1.5
TVSHLTD,28/01/2025,14.5,38.7,72,-0.8,14.4
TVSMOTOR,28/01/2025,3.6,0.8,17.3,-1.5,10.1
UDAICEMENT,28/01/2025,121.2,121.2,-84.4,25.6,23.2
UTIAMC,28/01/2025,-34,-37.2,-19.8,-22.4,-7
VGUARD,28/01/2025,-7.9,-8.3,-4.3,-3.6,9.9
VIPIND,28/01/2025,62.4,62.5,-250,-7.9,-8.3
360ONE,27/01/2025,12.6,5.6,31.1,-11.9,20.6
ABSLAMC,27/01/2025,-7.4,-7.6,6.3,4.9,30.3
ACC,27/01/2025,446.7,446.9,102.4,28.5,20.6
APOLLOPIPE,27/01/2025,49.6,34.7,NA,-2.3,NA
ASTEC,27/01/2025,-4.8,-4.7,-66.7,-4.8,84.5
ATGL,27/01/2025,-23.3,-23.7,-19.9,6.2,12
AURIONPRO,27/01/2025,5,5,-43.6,10,32.6
AWL,27/01/2025,32.2,31.8,103.2,16.6,31.4
BAJAJHFL,27/01/2025,0.4,-1.5,1.5,1.6,25.8
CANBK,27/01/2025,0.7,0.4,11.2,1.9,7.9
COALINDIA,27/01/2025,35.3,35.2,-16.5,16.6,-1
DIAMONDYD,27/01/2025,-715.7,-713.5,-451.5,0.8,8.9
DOLPHIN,27/01/2025,20.2,20.4,3436.4,70,1432.3
DWARKESH,27/01/2025,144.8,145,11.5,27.1,-0.1
EMAMILTD,27/01/2025,32.2,30.9,7.9,17.8,5.3
EPIGRAL,27/01/2025,28.5,23.8,101.2,3.1,36.8
FEDERALBNK,27/01/2025,-14.7,-14.1,-9.6,3.7,19.4
GANGOTRI,27/01/2025,50,100,NA,NA,NA
IGL,27/01/2025,-28.3,-28.3,-31.6,12.1,16.8
JINDRILL,27/01/2025,91.3,91.4,110.4,38.8,30.7
KAYNES,27/01/2025,10.8,10.3,46.8,15.6,29.9
KRN,27/01/2025,11.5,-19.7,24,22.4,69.8
LTFOODS,27/01/2025,-3.5,-3.3,-7.2,7.9,17.2
MAHLOG,27/01/2025,24.1,15.5,46.6,4.8,14.1
MAHSEAMLES,27/01/2025,-15.5,-15.5,-32.8,9,-1.6
MANBA,27/01/2025,11.1,11.2,-34.2,6.6,42.9
NAVKARCORP,27/01/2025,-402.2,-442.9,17.4,-2.7,10.8
NGIL,27/01/2025,100,100,100,50.9,-1.9
NIACL,27/01/2025,284.5,292.6,-51.6,-0.8,-5.8
NITINSPIN,27/01/2025,6.1,6.3,38.9,2,11.8
PEL,27/01/2025,-76.3,-76.3,101.6,7,-1.1
PETRONET,27/01/2025,2.3,2.3,-27.9,-6.1,-17.1
PREMIERPOL,27/01/2025,-15.4,-14.7,-69.7,-12.3,1.4
PRUDENT,27/01/2025,-6.5,-6.4,33.8,-0.4,35.7
RAILTEL,27/01/2025,-10.5,-10.6,4.6,-9,14.8
REFEX,27/01/2025,61,50.4,153.6,35.9,134.3
ROSSELLIND,27/01/2025,-78.1,-78.1,1880,-21.8,21.1
SANGHIIND,27/01/2025,50.4,50.4,51.3,70.9,36.9
SUMICHEM,27/01/2025,-55.8,-55.9,45.7,-35.9,15.2
SUNDRMFAST,27/01/2025,-9.1,-8.7,-0.2,-3,5.4
TATASTEEL,27/01/2025,-61.1,-61.2,-44.7,-0.5,-3
TOKYOPLAST,27/01/2025,-81,-81,-70.4,3.1,19.6
UDS,27/01/2025,11.1,9.5,47.8,2.2,9.2
UNIONBANK,27/01/2025,-2.7,-2.6,23.9,0.9,6.3
VASCONEQ,27/01/2025,632.3,626.1,271.1,47.5,5.2
VHL,27/01/2025,33.1,33.2,22.6,-11.6,-15.8
VIRINCHI,27/01/2025,2082.4,1750,-39.3,10.9,13.5
WEALTH,27/01/2025,-41.1,-40.9,-11.6,-19,4.9
WHEELS,27/01/2025,2.7,2.9,118.4,-2.5,-6.5
WONDERLA,27/01/2025,37.6,22.6,-52.2,80.2,-1.7
YATHARTH,27/01/2025,-1.5,-12.5,-10.5,0.6,31.3
APTECHT,25/01/2025,-35.1,-35.4,-49.6,-12.9,9.4
ASAL,25/01/2025,-17,-16.7,-26.5,0.5,-8.5
BALKRISIND,25/01/2025,29.5,29.5,46.5,5.8,12.6
BSHSL,25/01/2025,326.5,309.5,14.7,352.4,67.3
CDSL,25/01/2025,-19.9,-19.8,-39.8,-13.7,29.6
GAEL,25/01/2025,3.3,2.6,-30.2,0.6,-13.1
GOCOLORS,25/01/2025,17.7,17.8,1.8,3,6.2
ICICIBANK,25/01/2025,-0.4,-0.8,15.4,1.5,15.1
IDFCFIRSTB,25/01/2025,60.5,64.3,-57.8,4.3,18.6
INDOTHAI,25/01/2025,-79,-79.1,-82.7,-40.7,-40.8
JKCEMENT,25/01/2025,39.4,50.6,-33.3,14.5,-0.2
LODHA,25/01/2025,123.3,122.8,78.3,55.5,39.3
NDTV,25/01/2025,-3.8,-5.5,-517.1,19.2,35.4
NTPC,25/01/2025,-3.9,-4,-3.3,0.8,5.2
NTPCGREEN,25/01/2025,-62.6,-68,NA,-53.3,NA
ORIENTBELL,25/01/2025,-2,0,129.6,1.6,0.4
SBFC,25/01/2025,4.8,2.5,19.1,6.1,26.2
SIYSIL,25/01/2025,-33,-33,2.7,-6.2,13.6
SPORTKING,25/01/2025,-34.9,-35.4,-88.3,-6.4,1.8
TCI,25/01/2025,-4.9,-5.3,25.5,2.3,14.5
YESBANK,25/01/2025,9.3,11.1,42.9,1.2,12.1
AAKASH,24/01/2025,73.3,50,-72.7,1.1,6.7
ACL,24/01/2025,-25.5,-25.7,-106.1,20.8,-32.3
ADORWELD,24/01/2025,120.1,79.5,-35.7,1.8,5
AGRITECH,24/01/2025,-22.2,-35.7,-101.3,200,NA
ALKYLAMINE,24/01/2025,-7.9,-7.9,29.1,-10.5,15.2
ARKADE,24/01/2025,15.4,15.4,-16.1,11.4,-6
ASALCBR,24/01/2025,70.2,60.6,95.7,28.4,71.2
ATUL,24/01/2025,-16.1,-20.5,53.1,1.7,24.5
AUBANK,24/01/2025,-7.5,-7.7,26.6,5.2,50.4
BANKINDIA,24/01/2025,8.9,8.8,36.6,4.9,19.6
BHARATGEAR,24/01/2025,-175.7,-175.8,-87.2,-13.7,-0.5
BIRLAMONEY,24/01/2025,-18.4,-18.4,44,-15.6,4.6
BLAL,24/01/2025,42.9,38.9,15.4,NA,NA
CENTRUM,24/01/2025,-864.5,-121.1,-88.1,12,52.5
CHEMBOND,24/01/2025,-15.6,-15.5,-13.2,2.1,10
CREDITACC,24/01/2025,-153.5,-46.5,-71.9,-5,6.8
CYBERTECH,24/01/2025,0.8,1,64.8,1.1,7.1
DAMCAPITAL,24/01/2025,133.8,137.1,NA,65,131
DCBBANK,24/01/2025,-2.6,-2.6,19,6.5,21.6
DLF,24/01/2025,-23.4,-23.3,61.5,-22.6,0.5
EMSLIMITED,24/01/2025,1.8,1.7,35.3,5.1,22.9
FEDFINA,24/01/2025,-71,-71.4,-71.8,3.9,28.9
GODREJCP,24/01/2025,1.4,1.5,-14.3,2.8,3
GRANULES,24/01/2025,20.9,20.9,-6.4,17.7,-1.6
GREENPOWER,24/01/2025,-133.7,-134.5,-11.1,-72.2,1.4
GRPLTD,24/01/2025,72.4,73.9,-74.7,0.4,20.5
HINDPETRO,24/01/2025,1682.5,1657.4,133.9,10.6,-0.7
INDIGO,24/01/2025,347,347,-18.7,30.3,13.7
INTELLECT,24/01/2025,34.8,32.1,-18,9.2,-3.9
JSWSTEEL,24/01/2025,78,62.8,-70.6,4.3,-1.3
LAURUSLABS,24/01/2025,365.2,350,249,15.6,18.4
LMW,24/01/2025,-21.2,-21.1,-80.5,-0.3,-36.9
NIITLTD,24/01/2025,14.8,13.8,-13.2,8.1,15.1
NURECA,24/01/2025,-483.3,-483.3,-1747.1,-15.2,17.8
OMAXAUTO,24/01/2025,-81.6,-81.6,1775,17.4,-12.1
ORIENTCEM,24/01/2025,329.7,345.5,-78.5,18.2,-14.4
POCL,24/01/2025,-13.1,-19.1,23.3,-12.2,9.9
RPGLIFE,24/01/2025,725.8,731.5,32,0.3,12.3
SAGCEM,24/01/2025,4.4,3.4,-579,18.7,-15.8
SAMPANN,24/01/2025,206.2,207.4,583.3,12.8,38.5
SASKEN,24/01/2025,-26.6,-24.8,-49.5,7,49.8
SBC,24/01/2025,-33.3,-35.3,22.2,9.2,38.6
SHAKTIPUMP,24/01/2025,2.5,2.5,111.2,2.2,30.9
SHARDACROP,24/01/2025,-26.6,-26.6,505.3,19.6,46.9
SHREDIGCEM,24/01/2025,-1223.3,-925,-114.9,28.6,-2.3
SHRIRAMFIN,24/01/2025,50.9,-69.7,-65.3,6,15
SOLARA,24/01/2025,0.6,0.4,102.9,-13.4,20.7
STEELXIND,24/01/2025,474.6,550,NA,25.7,27.7
SUPRIYA,24/01/2025,1.3,1.4,54.1,11.7,32.5
SURANASOL,24/01/2025,-52.8,-57.1,-62.5,-25.8,138.6
SUVEN,24/01/2025,21.2,21.5,3.2,-37.8,-36.9
TORNTPHARM,24/01/2025,11,10.9,13.1,-2.8,2.8
TREEHOUSE,24/01/2025,-8.6,-12.5,-190,-11.7,-14.2
TRIDENT,24/01/2025,-3.9,0,-23.8,-2.7,-9.2
TTKHLTCARE,24/01/2025,-2.8,-2.8,29,3.1,11.3
UGROCAP,24/01/2025,5.6,5.5,14.8,12.4,38.6
VIMTALABS,24/01/2025,43.9,43.6,117,6.4,10.4
VISHNU,24/01/2025,50.3,50,62,8,22.3
ADANIENSOL,23/01/2025,-19.2,-16.7,60.8,-5.7,27.8
ADANIGREEN,23/01/2025,-8,77.7,92,-22.6,2.3
AMBER,23/01/2025,76.4,85.8,7678.6,26.6,64.8
CGCL,23/01/2025,32,31.4,89,9.2,35.6
CYIENT,23/01/2025,-31.6,-31.7,-17.4,4.2,5.8
DRREDDY,23/01/2025,4.6,12.5,2.3,4.3,15.8
GREAVESCOT,23/01/2025,146.7,500,-64,6.4,12.8
IEX,23/01/2025,-0.8,-0.8,17.5,-5.2,14.5
INDUSTOWER,23/01/2025,80,80,159.6,1.1,4.8
IONEXCHANG,23/01/2025,-2.2,-4.9,2.2,7.1,24.7
JAYNECOIND,23/01/2025,324.9,332.4,-13.2,34.7,6.5
KFINTECH,23/01/2025,0.9,0.6,33.9,3.4,32.5
MANKIND,23/01/2025,-41.6,-43.5,-18.6,5,23.9
MENONBE,23/01/2025,2.1,3.2,-2,42.3,18
MPHASIS,23/01/2025,1.1,0.8,13.7,0.7,6.7
MPSLTD,23/01/2025,15.4,15.5,26.8,4.8,39.2
NAM-INDIA,23/01/2025,-18,-18.2,2.9,2.9,38.9
NATHBIOGEN,23/01/2025,135.4,141.4,-30.7,14.5,15.8
NDLVENTURE,23/01/2025,-68.2,-66.7,-81.8,NA,NA
PILITA,23/01/2025,38.1,40,-12.5,38.4,12.1
RAJRATAN,23/01/2025,-51.1,-50.9,-52.6,-11,-6.2
SENORES,23/01/2025,NA,NA,57.4,NA,30.4
SONACOMS,23/01/2025,5,4.3,7.5,-5.9,11
SPANDANA,23/01/2025,-103.7,-303.5,-444.9,-19.1,-11.3
SURYODAY,23/01/2025,-26.7,-26.9,-41.9,-3.8,18.8
SYNGENE,23/01/2025,23.5,23,17.7,5.9,10.6
TARACHAND,23/01/2025,-27.9,-28.3,40.4,14.5,44.8
TEJASNET,23/01/2025,-39.8,-41.3,457.2,-6,371.8
THYROCARE,23/01/2025,-28.3,-29,23.4,-7,22.2
TTML,23/01/2025,4.6,4.7,-2.5,-3.1,12.4
UJJIVANSFB,23/01/2025,-53.4,-53.7,-65.4,-1.3,8.2
ULTRACEMCO,23/01/2025,78.6,79.2,-17.4,10,2.7
UNITDSPR,23/01/2025,-1.8,-1.7,-4.2,20.7,14.3
V2RETAIL,23/01/2025,2151.6,2143.1,111.4,55.5,58.1
ZEEL,23/01/2025,-21.9,-22.4,178.7,-1.1,-3.3
20MICRONS,22/01/2025,-21.7,-21.5,12.3,-10.6,22.7
ACCELYA,22/01/2025,-0.4,-0.3,4.6,4.8,6.7
ADROITINFO,22/01/2025,20,22.2,-24.1,8.6,7.1
AKG,22/01/2025,0,0,-66.7,-12.3,-34
ALLDIGI,22/01/2025,63.5,64,76.9,6.1,16.3
BLBLIMITED,22/01/2025,-257.6,-257.6,-432.1,-57.1,65.4
BPCL,22/01/2025,65.7,65.8,-40.4,10.1,-2
CIGNITITEC,22/01/2025,20.1,20.1,32.3,3.4,10.3
COFORGE,22/01/2025,9.5,6.3,-16.4,8.4,42.8
E2E,22/01/2025,-5,-19.1,51.4,-12.6,73.1
ELECON,22/01/2025,22.6,22.5,18.9,4.1,11.7
GODIGIT,22/01/2025,32.4,33,163.3,9,6.6
GRAVITA,22/01/2025,8.5,1.1,20.3,7.4,31.5
HDFCBANK,22/01/2025,-1.5,-1.3,1.6,2.5,9
HERITGFOOD,22/01/2025,-11.5,-11.6,60,1.4,9.9
HINDUNILVR,22/01/2025,15.2,15.1,18.9,-0.7,1.6
HUDCO,22/01/2025,6.7,6.7,41.7,9.6,37.1
JAGSNPHARM,22/01/2025,177.9,178.6,703.3,-0.9,56.4
KRITIKA,22/01/2025,-14.2,-11.1,14.3,12.8,93.6
LXCHEM,22/01/2025,4.2,2.9,7.1,2,13.4
MITTAL,22/01/2025,-22.7,0,0,-7.3,31.3
NIITMTS,22/01/2025,8.1,8.1,8.1,5.4,7
NUVOCO,22/01/2025,27.9,27.4,-297.7,6.2,-0.5
PERSISTENT,22/01/2025,14.8,14.7,29.7,5.7,22.6
PIDILITIND,22/01/2025,3.1,3.3,8.2,4.1,7.6
POLYCAB,22/01/2025,4.3,4,10.7,-5,20.4
RSSOFTWARE,22/01/2025,-57.8,-68.2,-79.7,-26.5,-34.5
RTNPOWER,22/01/2025,425.6,NA,100.9,7.4,-9.1
STEL,22/01/2025,-98.4,-98.4,0,-96.2,0
TATACOMM,22/01/2025,3.9,3.9,427.4,1.2,2.9
TIPSMUSIC,22/01/2025,-8.2,-8.2,28.1,-3.7,19.6
UEL,22/01/2025,391.2,362.5,-89.3,72.4,39.9
VTL,22/01/2025,7.3,6.9,31.4,-1.5,5.8
WENDT,22/01/2025,-23.3,-23.1,-14.6,-4.1,-2.1
ZENSARTECH,22/01/2025,2.6,2.5,-1.4,1.3,10.1
ABREL,21/01/2025,-1597.2,-1612.5,-148.7,-15.2,-10.6
CYIENTDLM,21/01/2025,-30,-29.1,-40.3,14.1,38.3
DALBHARAT,21/01/2025,34.6,32.1,-76.8,3,-11.7
EIMCOELECO,21/01/2025,-52.7,-52.6,-18,-31.3,-5.1
ICICIPRULI,21/01/2025,29.4,28.6,42.4,-82,-82.8
INDBANK,21/01/2025,-64.8,-65.3,-55.2,-30.9,-14.7
INDIACEM,21/01/2025,135,134.2,19650,-6.6,-17.8
INDIAMART,21/01/2025,-10.5,-10.5,47.7,1.9,16
INDOCO,21/01/2025,-184,-175,-261.6,-5.1,-10.7
JSFB,21/01/2025,14.4,14,-60.3,1,13.4
KEI,21/01/2025,6.4,4.2,7,8.2,19.8
MANORAMA,21/01/2025,10.5,10.2,296,7,112.3
ONWARDTEC,21/01/2025,68.7,69.4,-11.9,0.3,8.1
PANACHE,21/01/2025,-10.6,-8.9,183,-11.6,35.5
PNBHOUSING,21/01/2025,2.8,2.9,42.7,3.3,10.6
PRIMESECU,21/01/2025,-52.4,-52.5,1.2,-29.1,17.8
ROSSARI,21/01/2025,-10.4,-10.3,-8,2.9,10.5
SERVOTECH,21/01/2025,-27.5,-30.8,620,8.1,300.5
SOUTHBANK,21/01/2025,5.3,4.8,12,0.7,8.5
TANLA,21/01/2025,-9,-9.2,-15.5,0,-0.2
TATATECH,21/01/2025,7.1,7.2,-1,1.6,2.2
UCOBANK,21/01/2025,6,3.9,26.2,2.3,12
AGI,20/01/2025,25.5,25.5,34.9,9.9,5.8
APLAPOLLO,20/01/2025,303.1,303.1,31.2,13.8,30
AURUM,20/01/2025,29.8,45.5,12.7,0.9,12.5
CENTRALBK,20/01/2025,4.3,3.7,30.6,3.7,8.9
DIXON,20/01/2025,-47.5,-58.6,75.8,-9.4,117
IDBI,20/01/2025,4.5,4.6,29.3,5,19.4
INDOSTAR,20/01/2025,-12.6,-12.4,64.5,8.2,56.8
IOB,20/01/2025,12.4,12.2,21.1,3.8,15.2
IRFC,20/01/2025,1.1,1.6,2.5,-2,0.4
ISEC,20/01/2025,-4.7,-5,7.7,-7.1,19.9
J&KBANK,20/01/2025,-4.4,-4.4,25,2.8,11.4
KARURVYSYA,20/01/2025,4.7,4.6,20.3,4.3,16.2
KRYSTAL,20/01/2025,0,0.1,-2.4,3.8,-2.5
LTF,20/01/2025,-10.2,-10.4,-2.3,1.9,15.9
MRPL,20/01/2025,144.4,144.2,-21.4,-12.4,-11.3
NEWGEN,20/01/2025,27.1,26.8,29.9,5.5,17.6
OBEROIRLTY,20/01/2025,4.9,4.9,70.4,6.9,33.9
PAYTM,20/01/2025,-122.4,-122.4,5.5,10.1,-35.9
RPEL,20/01/2025,11.6,12,64.6,12,73.2
SHANTI,20/01/2025,-512.8,-497.2,-451.3,774.5,737.6
SUNTECK,20/01/2025,22.7,22.4,539.4,-4.3,280.3
SUPREMEIND,20/01/2025,-9.5,-9.5,-27.3,10.4,2.5
VIDHIING,20/01/2025,21.9,21.5,47.7,7.9,56.3
ZOMATO,20/01/2025,-66.5,-70,-62.5,12.6,64.4
KSOLVES,19/01/2025,10.7,-44.6,-43.1,7.8,32
3PLAND,18/01/2025,-60.4,-61.1,-4.5,-46.6,4.5
AVANTEL,18/01/2025,-11.4,-13.3,21.4,-8.8,19
BLUECOAST,18/01/2025,-100.4,-100.3,79.4,NA,NA
CANFINHOME,18/01/2025,0.3,0.3,6,2.5,9.4
CHENNPETRO,18/01/2025,103.3,103.3,-94.3,6.9,-25.6
CONTROLPR,18/01/2025,-38.7,-40.1,-37.9,1.5,16.5
DAVANGERE,18/01/2025,412.9,250,16.7,85.9,-6.7
DCMSHRIRAM,18/01/2025,316.4,317.1,9,13.8,10.9
GULFPETRO,18/01/2025,36.1,36.5,3.1,8.6,-12.4
KOTAKBANK,18/01/2025,-6.8,-6.9,10.2,1.3,14.8
MGEL,18/01/2025,13.6,8.6,111.1,-10.6,-5.6
NETWEB,18/01/2025,17.8,17.7,15.9,33,31.8
RBLBANK,18/01/2025,-78.7,-78.7,-79.8,0.2,10.8
SIGACHI,18/01/2025,-2.5,-3,28,11.6,25.6
VARDHACRLC,18/01/2025,151.3,157.9,-30,15.7,31.9
5PAISA,17/01/2025,-26.3,-26.2,7,-15.4,-15
ATLASCYCLE,17/01/2025,-96.9,-96.9,109.5,-40.5,69.2
EXCEL,17/01/2025,-13.5,0,NA,24.7,696.9
GANESHHOUC,17/01/2025,1.5,1.4,60,8.3,41.6
ICICIGI,17/01/2025,4.4,4.3,67,0.2,18.6
INDHOTEL,17/01/2025,8.5,4.9,28.6,38.7,29
JIOFIN,17/01/2025,-57.2,-57.4,0,-36.8,6
MRO-TEK,17/01/2025,8.7,8.7,-78.3,-5.9,-6.3
NEXTMEDIA,17/01/2025,17.2,16.4,-3.7,13.8,-8.6
PONNIERODE,17/01/2025,-79.1,-79.1,-79.3,22.4,-7
RALLIS,17/01/2025,-88.8,-88.7,-53.7,-43.8,-12.7
RKFORGE,17/01/2025,-47.5,-47.5,14.8,1.9,1.5
SBILIFE,17/01/2025,4,4,71.3,-53.2,-51.7
SESHAPAPER,17/01/2025,-36.3,-36.1,-75.9,8.2,-8.9
SPLPETRO,17/01/2025,-21.1,-21,5.3,-6.7,18.3
SSWL,17/01/2025,3.4,3.4,-19.8,-1.9,-3.2
STLTECH,17/01/2025,-71.8,-75,65.7,-10.8,-4.6
SWARAJENG,17/01/2025,-29.7,-29.7,32,-25.6,23.5
TECHM,17/01/2025,-21.4,-28.8,74.2,-0.2,1.4
VINYLINDIA,17/01/2025,-3.3,-2.8,-27.8,-2.6,-7.9
WIPRO,17/01/2025,4.3,4.2,24,0.1,0.5
ALOKINDS,16/01/2025,-4.2,-3.8,-19.6,-2.5,-31.1
AXISBANK,16/01/2025,-8.8,-9,3.5,1.8,11.4
BEPL,16/01/2025,-13.6,-14.2,1.2,-5.8,18.5
DBCORP,16/01/2025,43.1,43.2,-4.7,15,-0.3
DGCONTENT,16/01/2025,-39.2,-39.2,1355.6,-4.5,1.3
HATSUN,16/01/2025,-36.4,-36.6,-28.7,-3,6.5
HAVELLS,16/01/2025,3.8,3.7,-3.3,7.7,10.8
INFY,16/01/2025,4.7,4.6,11.4,1.9,7.6
KESORAMIND,16/01/2025,1,0.9,-42,11.5,-1.4
KHAICHEM,16/01/2025,510.1,503.1,146.4,-13.8,55.9
LTIM,16/01/2025,-13.2,-13.3,-7.2,2.4,7.1
MASTEK,16/01/2025,-26.4,-26.4,24.9,0.2,10.9
METROBRAND,16/01/2025,32.4,35.9,-3.3,20.1,10.6
PLASTIBLEN,16/01/2025,6,6.2,1.6,-0.5,-6.5
RADHIKAJWE,16/01/2025,114.2,112.1,45.1,56.7,17.2
RELIANCE,16/01/2025,13.5,11.9,7.4,3.6,6.6
SHEKHAWATI,16/01/2025,-41.9,-41.3,238.5,-14.5,15.7
SHEMAROO,16/01/2025,-40.9,-38.6,-21,1.4,5.3
SPENCERS,16/01/2025,45.7,45.7,7.6,-0.2,-21
SWSOLAR,16/01/2025,99.1,106.5,123.4,78.3,215.2
AEROFLEX,15/01/2025,8.7,9.5,64.3,3.6,32.4
AIIL,15/01/2025,-36.1,-36,-10.3,-43.5,-10.6
CEATLTD,15/01/2025,-20.1,-20.3,-46.5,-0.1,11.4
DBSTOCKBRO,15/01/2025,-30.9,-29.3,-68.5,-26.2,-30.8
HDFCLIFE,15/01/2025,-3.2,-3.4,14.6,-39.3,-35.8
IEL,15/01/2025,82.2,81.7,-22.2,0.5,-11.9
KRISHANA,15/01/2025,22.5,22.4,398.5,1.1,32
LTTS,15/01/2025,2.7,2.6,-6.4,3.7,12.3
MAHABANK,15/01/2025,5.9,-2.1,25.2,5.1,22.3
MAHEPC,15/01/2025,330.1,329.3,278.3,62.8,1.4
MAHSCOOTER,15/01/2025,-97.8,-97.8,232.2,-96.5,-9.1
MBAPL,15/01/2025,29,29.1,1260,1.9,16.4
NELCO,15/01/2025,20.7,20.6,-19.6,-2.2,-3
OFSS,15/01/2025,-6.3,-6.4,-27.1,2.5,-5.9
ORIENTHOT,15/01/2025,157.3,168.8,-17.3,18,19.4
PSB,15/01/2025,17.7,20,147.1,7,17.7
RIIL,15/01/2025,-12.5,-12.6,-24.6,0.9,-17.3
VIJIFIN,15/01/2025,58.3,50,NA,-3.3,15.7
HATHWAY,14/01/2025,-47.2,-46.7,-38.5,-0.3,1.3
HDFCAMC,14/01/2025,11.2,11.1,31.3,5.3,39.2
NETWORK18,14/01/2025,-819.4,-1377.8,-2287.2,-25.5,-23.3
SHOPERSTOP,14/01/2025,354,355.4,41.8,23.7,11.5
ANANDRATHI,13/01/2025,1.3,-49,-33,-2.2,29.9
ANGELONE,13/01/2025,-33.5,-33.6,0.6,-16.7,19.2
DELTACORP,13/01/2025,32.4,31.7,3.1,3.5,-7.5
DEN,13/01/2025,-18.8,-22.9,-15.2,4.7,-4.5
HCLTECH,13/01/2025,8.4,8.3,5,3.6,5.1
HSCL,13/01/2025,4,5.1,16.6,0.3,8.4
MARATHON,13/01/2025,-0.9,-1.3,-4.6,-15.5,-41.4
URJA,13/01/2025,51.4,0,-50,3.6,84.5
DMART,11/01/2025,9.7,9.7,4.8,10.6,17.7
SANGINITA,11/01/2025,-36.4,-37.5,-72.2,0.3,111
CESC,10/01/2025,-24.4,-25.1,-5.7,-24.2,9.8
EMBDL,10/01/2025,-7.9,-7.9,149.3,13.2,176.8
GNA,10/01/2025,-11.2,-11.3,11.7,-3.2,5
INFOMEDIA,10/01/2025,-3.5,0,5.3,NA,NA
JUSTDIAL,10/01/2025,-14.8,-14.8,42.7,0.9,8.4
PCBL,10/01/2025,-24.6,-24.5,-37,-7.1,21.3
SHAH,10/01/2025,20.5,25,150,-18,208.8
YAARI,10/01/2025,0.7,1.8,-48.6,NA,100
GTPL,09/01/2025,-30,-21.7,-57.3,3.7,4.3
IREDA,09/01/2025,9.7,9,14.5,4.2,35.6
SHRENIK,09/01/2025,-240,-100,NA,-4.5,-55.8
TATAELXSI,09/01/2025,-13.3,-13.3,-3.8,-1.7,2.7
TCS,09/01/2025,4.1,3.9,13,-0.4,5.6
TPHQ,09/01/2025,-68.5,-100,NA,-35.1,-27.2
TARIL,08/01/2025,20.8,-39.7,65.5,21.2,51.4
GMBREW,07/01/2025,1.2,1.4,-2.9,11.3,5.6